{"time": [[0.0, 0.0, 0.0, 0.0, 0.0, 0.0, 0.0, 0.0, 0.0, 0.0, 0.0, 0.0, 0.0, 0.0, 0.0, 0.0, 0.0, 0.0, 0.0, 0.0, 197.87694113794714, 198.99189275503159, 197.70144376251847, 199.17580822855234, 198.48245674278587, 199.41527714487165, 199.206290749833, 199.01582155004144, 198.22552954684943, 199.59916391503066, 198.87529137078673, 199.00308546051383, 199.39546191878617, 198.8957983776927, 198.2766624642536, 199.2520405985415, 198.9477070774883, 198.32617563474923, 198.8887754715979, 198.16036485135555, 200.24627318512648, 197.55766891036183, 199.42883789725602, 199.13319804985076, 199.91749707050622, 198.8175814067945, 198.42582109291106, 197.94560216087848, 199.21216572076082, 198.15037169028074, 198.39698326960206, 198.47650346998125, 200.3084912719205, 199.00286585930735, 198.66021685581654, 198.88608878292143, 199.81028836686164, 198.77853201236576, 198.73977797850966, 199.02011866960675, 199.85350385587662, 198.58827209938318, 199.45982513669878, 199.56651258841157, 197.90081504825503, 199.6255438681692, 199.17621694505215, 198.75170658156276, 199.33600640762597, 197.78801875654608, 198.72525383438915, 199.23906894773245, 198.3211842952296, 198.9728624150157, 197.62539534829557, 199.0146392667666, 198.7618379406631, 199.82422939501703, 198.29505385644734, 197.84522043075413, 198.74424313753843, 198.0364002250135, 198.99631623830646, 198.8574362527579, 199.18191852234304, 198.89695384632796, 199.28596731927246, 200.83230329770595, 198.52463117428124, 198.59531202632934, 198.2980145085603, 198.47977438475937, 197.85347100254148, 198.87635600473732, 199.09068114310503, 198.81980288494378, 198.12360726576298, 198.3275164468214, 198.3754458585754, 199.8435701308772, 200.34337603952736, 199.41819967422634, 198.51418593153358, 199.5260812761262, 198.1406253054738, 200.10273631475866, 199.35658544674516, 197.65778662171215, 197.44980964623392, 199.13747171033174, 198.27750934660435, 198.81614319141954, 198.34264060016721, 198.06047706864774, 196.7473553037271, 199.3160635633394, 198.82029831502587, 199.66896518785506, 199.44051933195442, 198.88869331870228]], "objmaxvalue": [[-0.3214477300643921, -0.2471185177564621, -0.2471185177564621, -0.2471185177564621, -0.2471185177564621, -0.2471185177564621, -0.2471185177564621, -0.24426007270812988, -0.24426007270812988, -0.20696549117565155, -0.20696549117565155, -0.20696549117565155, -0.20696549117565155, -0.20696549117565155, -0.20696549117565155, -0.20696549117565155, -0.20696549117565155, -0.20696549117565155, -0.20696549117565155, -0.20696549117565155, -0.20696549117565155, -0.20696549117565155, -0.20696549117565155, -0.20696549117565155, -0.20696549117565155, -0.20696549117565155, -0.20696549117565155, -0.20696549117565155, -0.20696549117565155, -0.20696549117565155, -0.20696549117565155, -0.20696549117565155, -0.20696549117565155, -0.20696549117565155, -0.20696549117565155, -0.20696549117565155, -0.20696549117565155, -0.17651283740997314, -0.17651283740997314, -0.17651283740997314, -0.17651283740997314, -0.17651283740997314, -0.17651283740997314, -0.17651283740997314, -0.17651283740997314, -0.17651283740997314, -0.17651283740997314, -0.17651283740997314, -0.17651283740997314, -0.17651283740997314, -0.17651283740997314, -0.17651283740997314, -0.17651283740997314, -0.17651283740997314, -0.17651283740997314, -0.17651283740997314, -0.17651283740997314, -0.17651283740997314, -0.17651283740997314, -0.17651283740997314, -0.17651283740997314, -0.17651283740997314, -0.17651283740997314, -0.17651283740997314, -0.17651283740997314, -0.17651283740997314, -0.17651283740997314, -0.17651283740997314, -0.17651283740997314, -0.17651283740997314, -0.17651283740997314, -0.17651283740997314, -0.17651283740997314, -0.17651283740997314, -0.17651283740997314, -0.17651283740997314, -0.17651283740997314, -0.17651283740997314, -0.17651283740997314, -0.17651283740997314, -0.17651283740997314, -0.17651283740997314, -0.17651283740997314, -0.17651283740997314, -0.17651283740997314, -0.17651283740997314, -0.17651283740997314, -0.17651283740997314, -0.17651283740997314, -0.17651283740997314, -0.17651283740997314, -0.17651283740997314, -0.17651283740997314, -0.17651283740997314, -0.1731109768152237, -0.1731109768152237, -0.1731109768152237, -0.1731109768152237, -0.1731109768152237, -0.1731109768152237, -0.1731109768152237, -0.1731109768152237, -0.1731109768152237, -0.1731109768152237, -0.1731109768152237, -0.1731109768152237, -0.1731109768152237, -0.1731109768152237, -0.1731109768152237, -0.1731109768152237, -0.1731109768152237, -0.1731109768152237, -0.1731109768152237, -0.16751311719417572, -0.16751311719417572, -0.16751311719417572, -0.16751311719417572, -0.16751311719417572, -0.16751311719417572, -0.16751311719417572]]}