{"time": [[0.0, 0.0, 0.0, 0.0, 0.0, 0.0, 0.0, 0.0, 0.0, 0.0, 0.0, 0.0, 0.0, 0.0, 0.0, 0.0, 0.0, 0.0, 0.0, 0.0, 0.0, 0.0, 0.0, 0.0, 0.0, 0.0, 0.0, 0.0, 0.0, 0.0, 0.0, 0.0, 0.0, 0.0, 0.0, 0.0, 0.0, 0.0, 0.0, 0.0, 0.0, 0.0, 0.0, 0.0, 0.0, 0.0, 0.0, 0.0, 0.0, 0.0, 177.88440199010074, 178.47463040426373, 180.68074144795537, 181.70117711275816, 182.67725211195648, 175.09717749804258, 177.33879632130265, 183.35175742581487, 182.01291087828577, 184.83095487765968, 179.6550221890211, 181.84796403348446, 186.31903604790568, 180.75957062840462, 181.73668851703405, 185.81230238638818, 183.16946535371244, 192.317487526685, 182.6719455383718, 190.02820165082812, 183.18001114577055, 185.12126102112234, 184.55667921714485, 183.0319083686918, 185.50382634438574, 183.3329420387745, 181.420618603006, 182.1925223916769, 178.71706178039312, 179.85174533724785, 178.64069359749556, 180.23756116442382, 181.86802848801017, 183.16460709273815, 182.16458434797823, 182.82349658571184, 176.8888255339116, 175.495623761788, 178.9190479554236, 181.1216214876622, 183.26526920124888, 180.51686982251704, 186.70670532993972, 185.28818238526583, 182.12637079879642, 179.17247794941068, 182.3297318611294, 175.17932595312595, 188.54376757889986, 182.91057847253978, 180.20945854485035, 187.3099330291152, 180.40113808214664, 172.3244481291622, 185.9649808127433, 188.89155282266438, 185.84105075709522, 183.66017003916204, 182.24197254888713, 189.62163302116096, 188.23632463999093, 186.89251764304936, 183.9896306898445, 178.95775960758328, 194.6000153273344, 183.48543603904545, 194.63401729613543, 181.0238531716168, 175.92176161333919, 182.81941734999418, 183.39435684122145, 175.43412303738296, 186.2085268944502, 184.15832004137337, 183.353639787063, 183.0479478687048, 182.86284462735057, 182.16494368575513, 186.99729236774147, 182.379650099203, 181.67827404290438, 183.24731294624507, 182.2624756079167, 183.5696508102119, 182.8465491645038, 182.1330920662731, 181.55582394264638, 176.82376415655017, 182.24151639267802, 180.34212044999003, 178.7969337347895, 182.84724869206548, 185.19343505054712, 180.42402220889926, 180.4753147289157, 189.46679195016623, 191.2151753846556, 185.80991690978408, 184.45397664420307, 182.19102782942355]], "objmaxvalue": [[-0.273508757352829, -0.273508757352829, -0.2458256036043167, -0.2458256036043167, -0.2458256036043167, -0.2458256036043167, -0.2458256036043167, -0.2458256036043167, -0.2442437708377838, -0.2442437708377838, -0.2442437708377838, -0.2442437708377838, -0.2442437708377838, -0.2442437708377838, -0.2442437708377838, -0.2442437708377838, -0.2442437708377838, -0.2442437708377838, -0.2442437708377838, -0.2442437708377838, -0.24379044771194458, -0.24379044771194458, -0.24379044771194458, -0.24379044771194458, -0.24379044771194458, -0.23534446954727173, -0.23534446954727173, -0.23534446954727173, -0.23534446954727173, -0.23534446954727173, -0.23534446954727173, -0.23534446954727173, -0.23534446954727173, -0.23534446954727173, -0.23534446954727173, -0.23534446954727173, -0.23534446954727173, -0.23534446954727173, -0.23534446954727173, -0.23534446954727173, -0.23534446954727173, -0.23534446954727173, -0.23534446954727173, -0.23534446954727173, -0.23534446954727173, -0.23534446954727173, -0.23534446954727173, -0.23534446954727173, -0.23534446954727173, -0.23534446954727173, -0.23534446954727173, -0.23534446954727173, -0.23534446954727173, -0.23410175740718842, -0.23410175740718842, -0.23410175740718842, -0.23410175740718842, -0.20423825085163116, -0.20423825085163116, -0.20423825085163116, -0.20423825085163116, -0.20423825085163116, -0.20423825085163116, -0.20423825085163116, -0.20423825085163116, -0.20423825085163116, -0.20423825085163116, -0.20423825085163116, -0.20423825085163116, -0.20423825085163116, -0.20423825085163116, -0.20423825085163116, -0.20423825085163116, -0.20423825085163116, -0.20423825085163116, -0.20423825085163116, -0.20423825085163116, -0.20423825085163116, -0.20423825085163116, -0.20423825085163116, -0.20423825085163116, -0.20423825085163116, -0.20423825085163116, -0.20423825085163116, -0.20423825085163116, -0.20423825085163116, -0.20423825085163116, -0.20423825085163116, -0.20423825085163116, -0.20423825085163116, -0.20423825085163116, -0.20423825085163116, -0.20423825085163116, -0.20423825085163116, -0.20423825085163116, -0.20423825085163116, -0.20423825085163116, -0.20423825085163116, -0.20423825085163116, -0.20423825085163116, -0.20423825085163116, -0.20423825085163116, -0.20423825085163116, -0.20423825085163116, -0.20423825085163116, -0.20423825085163116, -0.20423825085163116, -0.20423825085163116, -0.20423825085163116, -0.20423825085163116, -0.20423825085163116, -0.20423825085163116, -0.20423825085163116, -0.20423825085163116, -0.20423825085163116, -0.20423825085163116, -0.20423825085163116, -0.20423825085163116, -0.20423825085163116, -0.20423825085163116, -0.20423825085163116, -0.20423825085163116, -0.20423825085163116, -0.20423825085163116, -0.20423825085163116, -0.20423825085163116, -0.20423825085163116, -0.20423825085163116, -0.20423825085163116, -0.20423825085163116, -0.20423825085163116, -0.20423825085163116, -0.20423825085163116, -0.20423825085163116, -0.20423825085163116, -0.20423825085163116, -0.20423825085163116, -0.20423825085163116, -0.20423825085163116, -0.20423825085163116, -0.20423825085163116, -0.20423825085163116, -0.20423825085163116, -0.20423825085163116, -0.20423825085163116, -0.20423825085163116, -0.20423825085163116, -0.20423825085163116, -0.20423825085163116, -0.20423825085163116]]}