{"time": [[0.0, 0.0, 0.0, 0.0, 0.0, 0.0, 0.0, 0.0, 0.0, 0.0, 0.0, 0.0, 0.0, 0.0, 0.0, 0.0, 0.0, 0.0, 0.0, 0.0, 0.0, 0.0, 0.0, 0.0, 0.0, 0.0, 0.0, 0.0, 0.0, 0.0, 0.0, 0.0, 0.0, 0.0, 0.0, 0.0, 0.0, 0.0, 0.0, 0.0, 0.0, 0.0, 0.0, 0.0, 0.0, 0.0, 0.0, 0.0, 0.0, 0.0, 163.82713579386473, 164.80948490463197, 164.33213748969138, 161.82133579812944, 166.37034013681114, 163.7792794033885, 162.78643424250185, 166.2751294206828, 167.46705868281424, 165.49350102990866, 162.25094256736338, 164.07891191355884, 164.5716081149876, 165.13078694045544, 163.24793306738138, 167.05573683045805, 164.45455236174166, 183.0345693361014, 164.5471113882959, 163.15797428786755, 168.92632119730115, 168.85178194195032, 173.86234351806343, 180.3786745145917, 181.38881108351052, 184.24832414835691, 185.50962419994175, 179.1812571901828, 184.22324325703084, 183.16759730130434, 180.2928443942219, 173.90143795125186, 173.83999776095152, 181.70518414117396, 180.53677157871425, 178.78278358094394, 178.49375577829778, 181.8870311230421, 180.99481844715774, 175.91428291983902, 179.0227451324463, 179.81056891568005, 180.80313893407583, 180.5227931626141, 182.35870917886496, 177.74949786812067, 181.50408972240984, 199.731997679919, 184.50449755229056, 180.481210405007, 182.1951217185706, 182.67875084467232, 177.03317927196622, 174.1852091997862, 181.11448807828128, 182.19672403112054, 177.77534743957222, 187.01365407183766, 188.3126384858042, 188.93818381987512, 184.42769661173224, 174.87071028538048, 180.77580325305462, 183.09278992190957, 178.03227830305696, 180.24645793251693, 180.38799469918013, 183.35689074732363, 180.70194217935205, 182.7920846287161, 181.52391344681382, 183.0283825006336, 181.15451999381185, 177.3051419761032, 180.9073146916926, 183.80270913802087, 181.1546371821314, 181.087440084666, 184.3860032968223, 177.67658826895058, 178.04938853159547, 180.77869516424835, 180.9326935969293, 183.15337776951492, 185.655298339203, 181.97878231853247, 179.61769426241517, 180.68033248372376, 182.07535224035382, 180.13064769655466, 180.59255205467343, 181.31226978637278, 176.65628576651216, 179.12621902488172, 183.19980996847153, 186.5589726474136, 185.2236305233091, 181.79287673346698, 172.3547757677734, 182.35777424648404]], "objmaxvalue": [[-0.23809249699115753, -0.23809249699115753, -0.23809249699115753, -0.23809249699115753, -0.23809249699115753, -0.23809249699115753, -0.23809249699115753, -0.23809249699115753, -0.23809249699115753, -0.23080897331237793, -0.23080897331237793, -0.23080897331237793, -0.23080897331237793, -0.23080897331237793, -0.23080897331237793, -0.23080897331237793, -0.23080897331237793, -0.23080897331237793, -0.23080897331237793, -0.23080897331237793, -0.23080897331237793, -0.23080897331237793, -0.23080897331237793, -0.23080897331237793, -0.23080897331237793, -0.23080897331237793, -0.23080897331237793, -0.23080897331237793, -0.23080897331237793, -0.23080897331237793, -0.23080897331237793, -0.23080897331237793, -0.23080897331237793, -0.23080897331237793, -0.23080897331237793, -0.23080897331237793, -0.23080897331237793, -0.23080897331237793, -0.23080897331237793, -0.23080897331237793, -0.23080897331237793, -0.23080897331237793, -0.23080897331237793, -0.23080897331237793, -0.23080897331237793, -0.23080897331237793, -0.23080897331237793, -0.23080897331237793, -0.23080897331237793, -0.23080897331237793, -0.23080897331237793, -0.23080897331237793, -0.23080897331237793, -0.23080897331237793, -0.23080897331237793, -0.23080897331237793, -0.23080897331237793, -0.23080897331237793, -0.23080897331237793, -0.23080897331237793, -0.23080897331237793, -0.23080897331237793, -0.23080897331237793, -0.23080897331237793, -0.23080897331237793, -0.23080897331237793, -0.23080897331237793, -0.23080897331237793, -0.2297818511724472, -0.2297818511724472, -0.2297818511724472, -0.2297818511724472, -0.2297818511724472, -0.2297818511724472, -0.2297818511724472, -0.2297818511724472, -0.2297818511724472, -0.2297818511724472, -0.2297818511724472, -0.2297818511724472, -0.2297818511724472, -0.2297818511724472, -0.2297818511724472, -0.2297818511724472, -0.2297818511724472, -0.22606267035007477, -0.22606267035007477, -0.22606267035007477, -0.22606267035007477, -0.22606267035007477, -0.22606267035007477, -0.22606267035007477, -0.22606267035007477, -0.22606267035007477, -0.22606267035007477, -0.22606267035007477, -0.22606267035007477, -0.22606267035007477, -0.22606267035007477, -0.22606267035007477, -0.22606267035007477, -0.22606267035007477, -0.22606267035007477, -0.22606267035007477, -0.22606267035007477, -0.22606267035007477, -0.22606267035007477, -0.22606267035007477, -0.22606267035007477, -0.22606267035007477, -0.22606267035007477, -0.22606267035007477, -0.22606267035007477, -0.22606267035007477, -0.22606267035007477, -0.22606267035007477, -0.22606267035007477, -0.22606267035007477, -0.22606267035007477, -0.22420038282871246, -0.22420038282871246, -0.22420038282871246, -0.2140243649482727, -0.2140243649482727, -0.2140243649482727, -0.2140243649482727, -0.2140243649482727, -0.2140243649482727, -0.2140243649482727, -0.2140243649482727, -0.2140243649482727, -0.2140243649482727, -0.2140243649482727, -0.2140243649482727, -0.2140243649482727, -0.2140243649482727, -0.2140243649482727, -0.2140243649482727, -0.2140243649482727, -0.2140243649482727, -0.2140243649482727, -0.2140243649482727, -0.2140243649482727, -0.2140243649482727, -0.2140243649482727, -0.2140243649482727, -0.2140243649482727, -0.2140243649482727, -0.2140243649482727, -0.2140243649482727]]}