{"time": [[0.0, 0.0, 0.0, 0.0, 0.0, 0.0, 0.0, 0.0, 0.0, 0.0, 0.0, 0.0, 0.0, 0.0, 0.0, 0.0, 0.0, 0.0, 0.0, 0.0, 0.0, 0.0, 0.0, 0.0, 0.0, 0.0, 0.0, 0.0, 0.0, 0.0, 0.0, 0.0, 0.0, 0.0, 0.0, 0.0, 0.0, 0.0, 0.0, 0.0, 0.0, 0.0, 0.0, 0.0, 0.0, 0.0, 0.0, 0.0, 0.0, 0.0, 188.0717216283083, 179.1863238979131, 182.9241009093821, 184.83409028872848, 187.17096127197146, 180.0673136767, 186.13339400291443, 189.88710275664926, 191.16186499036849, 178.3338359296322, 184.41071055084467, 186.41937996447086, 182.68600494973361, 178.69346500746906, 183.4937739111483, 181.60242941975594, 186.94099872745574, 186.06998339667916, 179.85120334476233, 181.5281268823892, 184.081391422078, 187.24617942981422, 186.92192268930376, 182.70141463167965, 183.22733527608216, 179.93753622286022, 184.977424768731, 181.84476810134947, 179.59936815313995, 183.06624889187515, 187.8128304667771, 184.32198566570878, 182.17081171646714, 186.01414068602026, 194.00058975070715, 184.7462238240987, 176.6171175390482, 188.69793875701725, 178.54370469786227, 188.4671515095979, 191.56185601837933, 187.22582178376615, 180.2561006769538, 183.45218304172158, 184.59299916028976, 180.7936508320272, 187.69033733941615, 190.00301252119243, 188.60897771082819, 183.20819849148393, 183.3371104504913, 184.40092789754272, 179.3385089877993, 184.32150077074766, 181.4648547321558, 187.7181165330112, 186.19701339490712, 181.4433942232281, 182.46485405042768, 186.47621557489038, 182.667733957991, 179.24833786673844, 182.46561741642654, 181.91618438996375, 180.2813443224877, 183.88648718968034, 184.15832157433033, 184.35918794199824, 182.89016247726977, 178.49612562917173, 181.4490041732788, 183.3161528017372, 179.65520979836583, 177.0105579737574, 182.2590796444565, 187.70395504683256, 182.91317854262888, 182.4256788417697, 180.62564391829073, 186.443149022758, 185.37766313180327, 189.25551625341177, 181.68157237023115, 176.71580814383924, 180.66083870455623, 181.9265297818929, 179.4333199840039, 182.46453324519098, 180.38270264863968, 187.05926469899714, 200.074615849182, 198.13900086656213, 180.04960916005075, 178.14095301553607, 185.7218010108918, 183.74160691164434, 176.60880914144218, 182.8128372579813, 182.29087342135608, 190.48082560673356]], "objmaxvalue": [[-0.28790146112442017, -0.2617220878601074, -0.2617220878601074, -0.2617220878601074, -0.2617220878601074, -0.2341911345720291, -0.2341911345720291, -0.2341911345720291, -0.2341911345720291, -0.2341911345720291, -0.2341911345720291, -0.2341911345720291, -0.2341911345720291, -0.2341911345720291, -0.2341911345720291, -0.2341911345720291, -0.2341911345720291, -0.2341911345720291, -0.2341911345720291, -0.2341911345720291, -0.2341911345720291, -0.2341911345720291, -0.2341911345720291, -0.2341911345720291, -0.2341911345720291, -0.2341911345720291, -0.2341911345720291, -0.2341911345720291, -0.2341911345720291, -0.2341911345720291, -0.2341911345720291, -0.2341911345720291, -0.2341911345720291, -0.2341911345720291, -0.2341911345720291, -0.2341911345720291, -0.2341911345720291, -0.2341911345720291, -0.2341911345720291, -0.2341911345720291, -0.2341911345720291, -0.2341911345720291, -0.2341911345720291, -0.2341911345720291, -0.2341911345720291, -0.2341911345720291, -0.2341911345720291, -0.2341911345720291, -0.2341911345720291, -0.2341911345720291, -0.2341911345720291, -0.2341911345720291, -0.2341911345720291, -0.2341911345720291, -0.22848458588123322, -0.22848458588123322, -0.22848458588123322, -0.22848458588123322, -0.22848458588123322, -0.22848458588123322, -0.22848458588123322, -0.22848458588123322, -0.22848458588123322, -0.22848458588123322, -0.22848458588123322, -0.22848458588123322, -0.22848458588123322, -0.22848458588123322, -0.22718112170696259, -0.22718112170696259, -0.22050438821315765, -0.22050438821315765, -0.22050438821315765, -0.22050438821315765, -0.22050438821315765, -0.22050438821315765, -0.22050438821315765, -0.22050438821315765, -0.22050438821315765, -0.22050438821315765, -0.2181238979101181, -0.2181238979101181, -0.2181238979101181, -0.2181238979101181, -0.2181238979101181, -0.2181238979101181, -0.2181238979101181, -0.2181238979101181, -0.2181238979101181, -0.2181238979101181, -0.2181238979101181, -0.2181238979101181, -0.2181238979101181, -0.2181238979101181, -0.2181238979101181, -0.2181238979101181, -0.2181238979101181, -0.2181238979101181, -0.2181238979101181, -0.2181238979101181, -0.2181238979101181, -0.2181238979101181, -0.2181238979101181, -0.2181238979101181, -0.2181238979101181, -0.2181238979101181, -0.2181238979101181, -0.2181238979101181, -0.2136046588420868, -0.2136046588420868, -0.2136046588420868, -0.2136046588420868, -0.2136046588420868, -0.2136046588420868, -0.2136046588420868, -0.2136046588420868, -0.2136046588420868, -0.2136046588420868, -0.2136046588420868, -0.2136046588420868, -0.2136046588420868, -0.2136046588420868, -0.2136046588420868, -0.2136046588420868, -0.2136046588420868, -0.2136046588420868, -0.2136046588420868, -0.2136046588420868, -0.2136046588420868, -0.2136046588420868, -0.2136046588420868, -0.2136046588420868, -0.2136046588420868, -0.2136046588420868, -0.2136046588420868, -0.2136046588420868, -0.2136046588420868, -0.2136046588420868, -0.2136046588420868, -0.2136046588420868, -0.2136046588420868, -0.2136046588420868, -0.2136046588420868, -0.2136046588420868, -0.2136046588420868, -0.2136046588420868, -0.2136046588420868, -0.2136046588420868, -0.2136046588420868, -0.2136046588420868]]}