{"time": [[0.0, 0.0, 0.0, 0.0, 0.0, 0.0, 0.0, 0.0, 0.0, 0.0, 0.0, 0.0, 0.0, 0.0, 0.0, 0.0, 0.0, 0.0, 0.0, 0.0, 0.0, 0.0, 0.0, 0.0, 0.0, 0.0, 0.0, 0.0, 0.0, 0.0, 0.0, 0.0, 0.0, 0.0, 0.0, 0.0, 0.0, 0.0, 0.0, 0.0, 0.0, 0.0, 0.0, 0.0, 0.0, 0.0, 0.0, 0.0, 0.0, 0.0, 185.0811996795237, 185.26682950556278, 180.40076175145805, 181.38619860634208, 189.72089879587293, 187.71454963833094, 190.0337362345308, 185.2050551827997, 182.89834114350379, 179.30150010995567, 177.9063860438764, 180.04353072494268, 181.25506825745106, 182.44409845396876, 183.86964545212686, 183.98023041523993, 180.53422782756388, 186.23577335476875, 181.70711745135486, 185.1905291173607, 188.32679885998368, 183.99358989670873, 184.3158412463963, 181.96571284160018, 184.32014763727784, 183.09856624156237, 181.17863235995173, 183.40193707868457, 179.03874296694994, 184.18689167313278, 183.54851608350873, 185.11952283605933, 182.15133715979755, 182.24298889748752, 182.10554466582835, 181.05376722104847, 183.0431898497045, 182.33662484027445, 186.35053597576916, 181.42789151333272, 180.90911556594074, 178.1116432659328, 185.88308960013092, 180.90927682444453, 182.140885097906, 181.84258379228413, 181.8085170071572, 180.82732811942697, 183.48788837343454, 191.93447910249233, 182.1643615756184, 177.39181192964315, 181.86709066666663, 179.56481314264238, 183.27601725794375, 184.06342342682183, 184.33251030929387, 182.2467564418912, 177.20728200301528, 181.58204502798617, 183.89930994808674, 248.50542483478785, 276.3959566745907, 273.59983697906137, 278.5345002748072, 273.3685980271548, 285.0016960911453, 271.5501617528498, 281.1127372980118, 273.72652239352465, 280.86982829868793, 274.53465976566076, 265.7005707062781, 266.9008408598602, 266.1124793589115, 265.60956323333085, 268.666192073375, 269.71366267092526, 269.50786112062633, 275.79693940654397, 269.5988732147962, 270.10467348992825, 269.30926169641316, 273.24388097040355, 271.7878739088774, 275.088959954679, 276.1315831281245, 281.2437914572656, 274.28792866133153, 267.3807185832411, 269.24496107175946, 276.1064730491489, 270.98655063286424, 280.34731910564005, 274.56734902597964, 267.0057434756309, 272.4636361282319, 277.71382384561, 275.6464382018894, 279.7297339849174]], "objmaxvalue": [[-0.25032341480255127, -0.22754615545272827, -0.22754615545272827, -0.22754615545272827, -0.22754615545272827, -0.22754615545272827, -0.22754615545272827, -0.22754615545272827, -0.22754615545272827, -0.22754615545272827, -0.22754615545272827, -0.22754615545272827, -0.22754615545272827, -0.22754615545272827, -0.22754615545272827, -0.22754615545272827, -0.22754615545272827, -0.22754615545272827, -0.22754615545272827, -0.22754615545272827, -0.22754615545272827, -0.22754615545272827, -0.22754615545272827, -0.22754615545272827, -0.22754615545272827, -0.22754615545272827, -0.22754615545272827, -0.22754615545272827, -0.22754615545272827, -0.22754615545272827, -0.22754615545272827, -0.22754615545272827, -0.22754615545272827, -0.22754615545272827, -0.22754615545272827, -0.22754615545272827, -0.22754615545272827, -0.22754615545272827, -0.22754615545272827, -0.22754615545272827, -0.22754615545272827, -0.22754615545272827, -0.22754615545272827, -0.22754615545272827, -0.22754615545272827, -0.22754615545272827, -0.22754615545272827, -0.22754615545272827, -0.22754615545272827, -0.22754615545272827, -0.22754615545272827, -0.22708746790885925, -0.22708746790885925, -0.22708746790885925, -0.22708746790885925, -0.22708746790885925, -0.22708746790885925, -0.22708746790885925, -0.22708746790885925, -0.22708746790885925, -0.22708746790885925, -0.22708746790885925, -0.22708746790885925, -0.22708746790885925, -0.22708746790885925, -0.22708746790885925, -0.22708746790885925, -0.22708746790885925, -0.22708746790885925, -0.22708746790885925, -0.22708746790885925, -0.22708746790885925, -0.22708746790885925, -0.22708746790885925, -0.22708746790885925, -0.22708746790885925, -0.22708746790885925, -0.21883226931095123, -0.21883226931095123, -0.21883226931095123, -0.21883226931095123, -0.21883226931095123, -0.21883226931095123, -0.21883226931095123, -0.21883226931095123, -0.21883226931095123, -0.21883226931095123, -0.21883226931095123, -0.21883226931095123, -0.21883226931095123, -0.21883226931095123, -0.21883226931095123, -0.21883226931095123, -0.21341554820537567, -0.21341554820537567, -0.21341554820537567, -0.21341554820537567, -0.21341554820537567, -0.21341554820537567, -0.21341554820537567, -0.21341554820537567, -0.21341554820537567, -0.21341554820537567, -0.21341554820537567, -0.21341554820537567, -0.21341554820537567, -0.21341554820537567, -0.21341554820537567, -0.21086041629314423, -0.21086041629314423, -0.21086041629314423, -0.21086041629314423, -0.21086041629314423, -0.21086041629314423, -0.21086041629314423, -0.21086041629314423, -0.21086041629314423, -0.21086041629314423, -0.21086041629314423, -0.21086041629314423, -0.21086041629314423, -0.21086041629314423, -0.21086041629314423, -0.21086041629314423, -0.21086041629314423, -0.21086041629314423, -0.21086041629314423, -0.21086041629314423, -0.21086041629314423, -0.21086041629314423, -0.21086041629314423, -0.21086041629314423, -0.21086041629314423, -0.21086041629314423, -0.21086041629314423, -0.21086041629314423, -0.21086041629314423, -0.21086041629314423, -0.21086041629314423, -0.21086041629314423, -0.21086041629314423, -0.21086041629314423, -0.21086041629314423, -0.21086041629314423, -0.21086041629314423, -0.21086041629314423, -0.21086041629314423, -0.21086041629314423, -0.21086041629314423, -0.21086041629314423]]}