{"time": [[0.0, 0.0, 0.0, 0.0, 0.0, 0.0, 0.0, 0.0, 0.0, 0.0, 0.0, 0.0, 0.0, 0.0, 0.0, 0.0, 0.0, 0.0, 0.0, 0.0, 0.0, 0.0, 0.0, 0.0, 0.0, 0.0, 0.0, 0.0, 0.0, 0.0, 0.0, 0.0, 0.0, 0.0, 0.0, 0.0, 0.0, 0.0, 0.0, 0.0, 0.0, 0.0, 0.0, 0.0, 0.0, 0.0, 0.0, 0.0, 0.0, 0.0, 166.61352518200874, 169.49002622067928, 160.88312298059464, 163.93116239458323, 163.43620807677507, 170.89526365324855, 162.35262144356966, 164.63150133378804, 163.6451383382082, 163.12101686932147, 161.6673699375242, 170.38670620322227, 167.4910435155034, 167.77304458245635, 167.07861499860883, 168.23456361703575, 164.6608561426401, 169.44967977702618, 166.98118107020855, 164.9360275156796, 165.43259680457413, 164.094133162871, 166.84547833912075, 167.46981231495738, 163.83319112472236, 164.59705463796854, 161.17691789381206, 162.62698229774833, 165.40918077901006, 166.1677925977856, 164.79465110599995, 172.08085993863642, 163.44592074118555, 162.71432626619935, 167.82733255252242, 163.99888874031603, 170.39146204292774, 170.72412179596722, 167.10650558769703, 166.6419788952917, 167.2148876208812, 163.36644575372338, 165.13530667684972, 163.02340354397893, 165.3328420650214, 162.710671544075, 178.66811947710812, 161.24689325131476, 163.65297663025558, 161.42036276496947, 166.96160839870572, 169.2644098289311, 169.25027176178992, 165.62377053499222, 169.92501874268055, 172.374414248392, 165.10562200285494, 169.16981281340122, 173.82967418804765, 162.16844947263598, 167.46025235019624, 165.5091131646186, 167.6585717573762, 162.36784034222364, 167.22635197266936, 165.13812287896872, 165.50458913482726, 171.37792479991913, 168.4795033056289, 164.95529618486762, 163.67011448554695, 163.8643253184855, 161.33842407166958, 167.51024245657027, 163.48052714951336, 163.26498440094292, 167.1517455689609, 162.2909312043339, 162.01046138815582, 162.55392756685615, 165.5402969494462, 166.8056648466736, 168.51068661734462, 164.49075772054493, 164.22116106562316, 163.8401518985629, 163.23140747472644, 165.17151710391045, 167.3751506153494, 167.98449359461665, 168.4653735421598, 167.65449507907033, 166.24129544384778, 161.274947386235, 166.93543439358473, 172.77626235596836, 163.45849239081144, 167.42167155072093, 166.24403395317495, 164.4285558592528]], "objmaxvalue": [[-0.2619037628173828, -0.2619037628173828, -0.2356422245502472, -0.2356422245502472, -0.2356422245502472, -0.2356422245502472, -0.2356422245502472, -0.2356422245502472, -0.2356422245502472, -0.2356422245502472, -0.2356422245502472, -0.2356422245502472, -0.2356422245502472, -0.2356422245502472, -0.2356422245502472, -0.23209154605865479, -0.23209154605865479, -0.23209154605865479, -0.23209154605865479, -0.23209154605865479, -0.23209154605865479, -0.23209154605865479, -0.23209154605865479, -0.23209154605865479, -0.23209154605865479, -0.23209154605865479, -0.23209154605865479, -0.23209154605865479, -0.23209154605865479, -0.23209154605865479, -0.23209154605865479, -0.23209154605865479, -0.23209154605865479, -0.23209154605865479, -0.23209154605865479, -0.23209154605865479, -0.23209154605865479, -0.23209154605865479, -0.23209154605865479, -0.231575608253479, -0.231575608253479, -0.231575608253479, -0.231575608253479, -0.231575608253479, -0.231575608253479, -0.231575608253479, -0.231575608253479, -0.231575608253479, -0.231575608253479, -0.231575608253479, -0.231575608253479, -0.231575608253479, -0.231575608253479, -0.231575608253479, -0.2276376634836197, -0.2276376634836197, -0.2276376634836197, -0.22733795642852783, -0.22733795642852783, -0.22733795642852783, -0.22733795642852783, -0.22733795642852783, -0.22733795642852783, -0.22733795642852783, -0.22733795642852783, -0.22733795642852783, -0.22733795642852783, -0.22733795642852783, -0.22733795642852783, -0.22733795642852783, -0.22733795642852783, -0.22733795642852783, -0.22733795642852783, -0.22733795642852783, -0.22733795642852783, -0.22733795642852783, -0.22733795642852783, -0.22733795642852783, -0.22733795642852783, -0.22733795642852783, -0.21595251560211182, -0.21595251560211182, -0.21595251560211182, -0.21595251560211182, -0.21595251560211182, -0.21595251560211182, -0.21595251560211182, -0.21595251560211182, -0.21595251560211182, -0.21595251560211182, -0.21595251560211182, -0.21595251560211182, -0.21595251560211182, -0.21595251560211182, -0.21595251560211182, -0.21595251560211182, -0.21595251560211182, -0.21595251560211182, -0.21595251560211182, -0.21595251560211182, -0.21595251560211182, -0.21595251560211182, -0.21595251560211182, -0.21595251560211182, -0.21595251560211182, -0.21595251560211182, -0.21595251560211182, -0.21595251560211182, -0.21595251560211182, -0.21595251560211182, -0.21493199467658997, -0.21493199467658997, -0.21493199467658997, -0.21493199467658997, -0.21493199467658997, -0.21493199467658997, -0.21493199467658997, -0.21493199467658997, -0.21493199467658997, -0.21493199467658997, -0.21493199467658997, -0.21493199467658997, -0.21493199467658997, -0.21493199467658997, -0.21493199467658997, -0.21493199467658997, -0.21493199467658997, -0.21493199467658997, -0.21493199467658997, -0.21493199467658997, -0.21493199467658997, -0.21493199467658997, -0.21493199467658997, -0.21493199467658997, -0.21493199467658997, -0.21493199467658997, -0.21493199467658997, -0.21493199467658997, -0.21493199467658997, -0.21493199467658997, -0.21493199467658997, -0.21493199467658997, -0.21493199467658997, -0.21493199467658997, -0.21493199467658997, -0.21493199467658997, -0.21493199467658997, -0.21493199467658997, -0.21493199467658997, -0.21493199467658997]]}