{"time": [[0.0, 0.0, 0.0, 0.0, 0.0, 0.0, 0.0, 0.0, 0.0, 0.0, 0.0, 0.0, 0.0, 0.0, 0.0, 0.0, 0.0, 0.0, 0.0, 0.0, 0.0, 0.0, 0.0, 0.0, 0.0, 0.0, 0.0, 0.0, 0.0, 0.0, 0.0, 0.0, 0.0, 0.0, 0.0, 0.0, 0.0, 0.0, 0.0, 0.0, 0.0, 0.0, 0.0, 0.0, 0.0, 0.0, 0.0, 0.0, 0.0, 0.0, 162.8641233984381, 163.98470829613507, 161.24618802592158, 160.27280966378748, 165.9545355439186, 162.3282747324556, 169.93521562591195, 160.14356521703303, 166.32060152478516, 161.50173712708056, 166.88589805178344, 158.70216761529446, 159.73044409230351, 165.3140033390373, 168.55841790884733, 169.40122775360942, 157.65732445567846, 168.24183072522283, 161.5612768549472, 161.13027906790376, 162.62463203631341, 167.77067940868437, 165.55022343993187, 167.92668131552637, 162.35264814086258, 160.76403872296214, 159.67282004654408, 162.31879908777773, 158.58853400684893, 160.6013825275004, 169.13659067638218, 159.23502929508686, 160.2086270712316, 161.80429516360164, 160.75829820148647, 167.67296517640352, 170.9899880886078, 161.0894946884364, 165.5848213341087, 167.18454821966588, 164.48183420673013, 160.857767008245, 161.00856606662273, 170.30450988933444, 159.5854068212211, 161.3869308233261, 168.29211862012744, 157.96294206380844, 169.17843871191144, 160.15400303713977, 160.36593069508672, 162.29499967768788, 163.1055195555091, 162.5583237297833, 165.6234385408461, 159.4973019361496, 169.75179231353104, 160.2573881484568, 161.5873287860304, 159.0626280270517, 163.4319588597864, 160.17813523299992, 168.37340135872364, 166.14431876316667, 163.24005272239447, 165.88996098935604, 158.58124922402203, 168.74310140125453, 157.47673214785755, 166.5479902550578, 168.0315095242113, 160.76177528500557, 160.5308922715485, 160.06474632583559, 166.13482446223497, 161.56481267139316, 158.30456618405879, 157.93493155948818, 168.51029597595334, 167.5729105975479, 163.9441258981824, 168.92424398101866, 170.8322417717427, 163.3199992198497, 161.43892601132393, 161.62087342701852, 160.6652337592095, 162.10535961389542, 159.02925237640738, 160.64747624844313, 166.69326577708125, 161.06828437373042, 161.20208450965583, 158.86027588881552, 161.808235257864, 160.9853317923844, 169.47315713204443, 159.9490433037281, 161.6403444521129, 160.75701079145074]], "objmaxvalue": [[-0.31763315200805664, -0.26996269822120667, -0.25377029180526733, -0.25377029180526733, -0.25377029180526733, -0.2515259385108948, -0.2515259385108948, -0.2515259385108948, -0.2515259385108948, -0.2515259385108948, -0.23851139843463898, -0.23851139843463898, -0.23851139843463898, -0.23851139843463898, -0.23851139843463898, -0.23851139843463898, -0.23851139843463898, -0.23851139843463898, -0.23851139843463898, -0.23851139843463898, -0.23851139843463898, -0.23851139843463898, -0.23851139843463898, -0.23851139843463898, -0.23851139843463898, -0.23851139843463898, -0.23851139843463898, -0.23851139843463898, -0.23851139843463898, -0.23851139843463898, -0.23851139843463898, -0.23851139843463898, -0.23851139843463898, -0.23851139843463898, -0.23851139843463898, -0.23851139843463898, -0.23851139843463898, -0.23851139843463898, -0.23851139843463898, -0.23851139843463898, -0.23851139843463898, -0.23851139843463898, -0.23851139843463898, -0.23851139843463898, -0.23851139843463898, -0.23851139843463898, -0.23851139843463898, -0.23851139843463898, -0.23851139843463898, -0.23851139843463898, -0.23851139843463898, -0.23851139843463898, -0.23851139843463898, -0.2245727926492691, -0.2245727926492691, -0.2245727926492691, -0.2245727926492691, -0.2245727926492691, -0.2245727926492691, -0.2245727926492691, -0.2245727926492691, -0.2245727926492691, -0.2245727926492691, -0.2245727926492691, -0.2245727926492691, -0.2245727926492691, -0.2245727926492691, -0.2245727926492691, -0.2245727926492691, -0.2245727926492691, -0.2245727926492691, -0.2245727926492691, -0.2245727926492691, -0.2245727926492691, -0.2245727926492691, -0.2245727926492691, -0.2245727926492691, -0.2245727926492691, -0.2245727926492691, -0.2245727926492691, -0.2245727926492691, -0.2245727926492691, -0.2245727926492691, -0.2245727926492691, -0.2245727926492691, -0.2245727926492691, -0.2245727926492691, -0.2245727926492691, -0.2245727926492691, -0.2245727926492691, -0.2245727926492691, -0.2245727926492691, -0.2245727926492691, -0.2245727926492691, -0.2245727926492691, -0.2245727926492691, -0.2242400050163269, -0.2242400050163269, -0.2242400050163269, -0.2242400050163269, -0.2242400050163269, -0.2242400050163269, -0.2242400050163269, -0.2242400050163269, -0.2242400050163269, -0.2242400050163269, -0.2242400050163269, -0.2242400050163269, -0.2242400050163269, -0.2242400050163269, -0.2242400050163269, -0.2242400050163269, -0.2242400050163269, -0.2242400050163269, -0.2242400050163269, -0.2242400050163269, -0.2242400050163269, -0.2242400050163269, -0.2242400050163269, -0.2242400050163269, -0.2242400050163269, -0.2242400050163269, -0.2242400050163269, -0.2242400050163269, -0.2242400050163269, -0.2242400050163269, -0.2242400050163269, -0.2242400050163269, -0.2242400050163269, -0.2242400050163269, -0.2242400050163269, -0.2242400050163269, -0.2242400050163269, -0.2242400050163269, -0.2242400050163269, -0.2242400050163269, -0.2180650383234024, -0.2180650383234024, -0.2180650383234024, -0.2180650383234024, -0.2180650383234024, -0.2180650383234024, -0.2180650383234024, -0.2180650383234024, -0.2180650383234024, -0.2180650383234024, -0.2180650383234024, -0.2150699943304062, -0.2150699943304062, -0.2150699943304062]]}