{"time": [[0.0, 0.0, 0.0, 0.0, 0.0, 0.0, 0.0, 0.0, 0.0, 0.0, 0.0, 0.0, 0.0, 0.0, 0.0, 0.0, 0.0, 0.0, 0.0, 0.0, 0.0, 0.0, 0.0, 0.0, 0.0, 0.0, 0.0, 0.0, 0.0, 0.0, 0.0, 0.0, 0.0, 0.0, 0.0, 0.0, 0.0, 0.0, 0.0, 0.0, 0.0, 0.0, 0.0, 0.0, 0.0, 0.0, 0.0, 0.0, 0.0, 0.0, 159.25699218921363, 167.7511906120926, 160.6165648046881, 164.99152251519263, 166.8038014471531, 156.96999495849013, 159.3235224224627, 167.81200888194144, 160.82513425312936, 159.6572907604277, 161.85407988727093, 157.06206014752388, 169.18727864325047, 159.92858362197876, 156.92721131071448, 166.82952290028334, 159.8769893720746, 169.57318737357855, 164.20082968473434, 161.45028792135417, 162.9725944083184, 158.5762906000018, 160.20225065015256, 166.42534347623587, 160.4802320152521, 160.34130620770156, 159.5263087823987, 165.61524953134358, 156.74330391734838, 168.88279494084418, 167.2355261668563, 158.4287954121828, 159.3391914665699, 163.2544511537999, 167.45879756100476, 157.83880764059722, 165.68830605968833, 161.86924747563899, 160.9003285765648, 165.20655354112387, 165.42231532745063, 167.3676354084164, 160.75266402587295, 168.75697223097086, 161.32947947829962, 164.0610898397863, 163.96658902056515, 164.76225566864014, 158.06799499876797, 171.55612272396684, 168.23075379431248, 165.8838483542204, 163.7731279246509, 160.4507262967527, 163.03129311278462, 161.25143577717245, 160.38354999944568, 165.07181280851364, 164.65353148803115, 161.461161326617, 165.40672940947115, 162.4460447318852, 163.36795414425433, 162.2156985271722, 164.01712086237967, 162.81288505159318, 159.83651515468955, 163.572698187083, 158.47841359302402, 159.46710604056716, 160.3864180315286, 162.56862488389015, 167.31744391843677, 163.539853380993, 165.75410280376673, 161.02249766513705, 158.77928367815912, 164.73598469048738, 161.91676128655672, 163.364423353225, 167.5308319646865, 160.40270390361547, 164.18581621907651, 162.79276771470904, 165.06826495565474, 163.16006997600198, 164.5720676444471, 163.71085508167744, 163.1095780003816, 162.9883787687868, 162.28032436594367, 161.9261637032032, 163.1769479215145, 163.67656630836427, 161.39772411435843, 164.95653822645545, 166.22310391254723, 162.0322797652334, 164.16131985373795, 160.90873830206692]], "objmaxvalue": [[-0.29865261912345886, -0.2637704610824585, -0.2637704610824585, -0.2627515196800232, -0.2627515196800232, -0.2627515196800232, -0.2627515196800232, -0.2627515196800232, -0.2627515196800232, -0.25658199191093445, -0.25658199191093445, -0.25658199191093445, -0.25658199191093445, -0.25658199191093445, -0.25376710295677185, -0.25376710295677185, -0.25376710295677185, -0.249985471367836, -0.249985471367836, -0.249985471367836, -0.23941472172737122, -0.23941472172737122, -0.21536558866500854, -0.21536558866500854, -0.21536558866500854, -0.21536558866500854, -0.21536558866500854, -0.21536558866500854, -0.21536558866500854, -0.21536558866500854, -0.21536558866500854, -0.21536558866500854, -0.21536558866500854, -0.21536558866500854, -0.21536558866500854, -0.21536558866500854, -0.21536558866500854, -0.21536558866500854, -0.21536558866500854, -0.21536558866500854, -0.21536558866500854, -0.21536558866500854, -0.21536558866500854, -0.21536558866500854, -0.21536558866500854, -0.21536558866500854, -0.21536558866500854, -0.21536558866500854, -0.21536558866500854, -0.21536558866500854, -0.21536558866500854, -0.21536558866500854, -0.21536558866500854, -0.21536558866500854, -0.21536558866500854, -0.21536558866500854, -0.21536558866500854, -0.21536558866500854, -0.21536558866500854, -0.21536558866500854, -0.21536558866500854, -0.21536558866500854, -0.21536558866500854, -0.21536558866500854, -0.21536558866500854, -0.21536558866500854, -0.21536558866500854, -0.21536558866500854, -0.21536558866500854, -0.21536558866500854, -0.21536558866500854, -0.21536558866500854, -0.21536558866500854, -0.21536558866500854, -0.21536558866500854, -0.21536558866500854, -0.21536558866500854, -0.21536558866500854, -0.21536558866500854, -0.21536558866500854, -0.21536558866500854, -0.21536558866500854, -0.21536558866500854, -0.21536558866500854, -0.21536558866500854, -0.21536558866500854, -0.21536558866500854, -0.21536558866500854, -0.21536558866500854, -0.21536558866500854, -0.21536558866500854, -0.21536558866500854, -0.21536558866500854, -0.21536558866500854, -0.21536558866500854, -0.21536558866500854, -0.21536558866500854, -0.21536558866500854, -0.21536558866500854, -0.21536558866500854, -0.21536558866500854, -0.21536558866500854, -0.21536558866500854, -0.21536558866500854, -0.21536558866500854, -0.21536558866500854, -0.21536558866500854, -0.21536558866500854, -0.21536558866500854, -0.21536558866500854, -0.21536558866500854, -0.21536558866500854, -0.21536558866500854, -0.21536558866500854, -0.21536558866500854, -0.21536558866500854, -0.21536558866500854, -0.21536558866500854, -0.21536558866500854, -0.21536558866500854, -0.21536558866500854, -0.21536558866500854, -0.21536558866500854, -0.21536558866500854, -0.21536558866500854, -0.21536558866500854, -0.21536558866500854, -0.21536558866500854, -0.21536558866500854, -0.21536558866500854, -0.21536558866500854, -0.21536558866500854, -0.21536558866500854, -0.21536558866500854, -0.21536558866500854, -0.21536558866500854, -0.21536558866500854, -0.21536558866500854, -0.21536558866500854, -0.21536558866500854, -0.21536558866500854, -0.21536558866500854, -0.21536558866500854, -0.21536558866500854, -0.21536558866500854, -0.21536558866500854, -0.21536558866500854, -0.21536558866500854, -0.21536558866500854, -0.2084285169839859]]}