{"time": [[0.0, 0.0, 0.0, 0.0, 0.0, 0.0, 0.0, 0.0, 0.0, 0.0, 0.0, 0.0, 0.0, 0.0, 0.0, 0.0, 0.0, 0.0, 0.0, 0.0, 0.0, 0.0, 0.0, 0.0, 0.0, 0.0, 0.0, 0.0, 0.0, 0.0, 0.0, 0.0, 0.0, 0.0, 0.0, 0.0, 0.0, 0.0, 0.0, 0.0, 0.0, 0.0, 0.0, 0.0, 0.0, 0.0, 0.0, 0.0, 0.0, 0.0, 163.14390823617578, 161.29034620895982, 162.85551330447197, 160.18474190495908, 162.56874024868011, 158.52357343398035, 159.2540879305452, 162.73851377144456, 160.82112276740372, 161.4066384397447, 159.77019550465047, 165.82144290022552, 161.197118062526, 161.4485882781446, 163.60377093963325, 160.14158225618303, 162.2035866845399, 163.6172429434955, 161.06715813092887, 159.60175586864352, 168.52134572900832, 163.30224744416773, 160.77531210519373, 162.63916533626616, 157.91675809584558, 165.73387810401618, 161.11351212486625, 159.0025883242488, 163.7707158923149, 161.4066901896149, 160.80634908378124, 163.36703760363162, 166.32054480537772, 158.7715973854065, 162.56121895089746, 164.40468677133322, 159.88335422612727, 161.99945626594126, 158.20765637606382, 159.78455247171223, 162.43608243204653, 158.52978234738111, 160.830535069108, 159.56052752025425, 161.55900311470032, 160.4994895029813, 164.64501948095858, 162.38106472603977, 162.06088958121836, 159.9111291822046, 162.41835213080049, 160.94470255821943, 163.50568088330328, 161.34102649614215, 154.3501961864531, 164.99964745901525, 162.21904612518847, 167.22403282299638, 161.0372792519629, 164.28697863034904, 164.29271508008242, 165.29937280155718, 161.95247027277946, 163.19838869944215, 166.98274839296937, 162.62770956382155, 161.8358504511416, 163.97720254026353, 163.41747207567096, 168.18575290590525, 164.5210592262447, 162.4913075864315, 164.95713271200657, 162.00230386294425, 164.260019287467, 162.08889515697956, 163.07828497700393, 159.7691804524511, 162.40173113159835, 162.2062089201063, 168.06416227854788, 162.78055118210614, 161.75901285931468, 158.50652560405433, 160.87485245242715, 166.01147484965622, 161.96942973136902, 161.03553064353764, 160.72594739682972, 164.488491140306, 160.85752464458346, 159.38645630516112, 161.12171947583556, 160.2427719850093, 157.71790032461286, 166.2577775195241, 159.79078019969165, 162.87070533633232, 162.76482260785997, 160.74442778341472]], "objmaxvalue": [[-0.28999048471450806, -0.28999048471450806, -0.24104589223861694, -0.24104589223861694, -0.24104589223861694, -0.24104589223861694, -0.24104589223861694, -0.2397870123386383, -0.2397870123386383, -0.2397870123386383, -0.2397870123386383, -0.2397870123386383, -0.2397870123386383, -0.2397870123386383, -0.2397870123386383, -0.2397870123386383, -0.22219586372375488, -0.22219586372375488, -0.22219586372375488, -0.22219586372375488, -0.22219586372375488, -0.22219586372375488, -0.22219586372375488, -0.22219586372375488, -0.22219586372375488, -0.22219586372375488, -0.22219586372375488, -0.22219586372375488, -0.22219586372375488, -0.22219586372375488, -0.22219586372375488, -0.22219586372375488, -0.22219586372375488, -0.22219586372375488, -0.22219586372375488, -0.22219586372375488, -0.22219586372375488, -0.22219586372375488, -0.22219586372375488, -0.22219586372375488, -0.22219586372375488, -0.22219586372375488, -0.22219586372375488, -0.22219586372375488, -0.22219586372375488, -0.22219586372375488, -0.22219586372375488, -0.22219586372375488, -0.22219586372375488, -0.22219586372375488, -0.22219586372375488, -0.22219586372375488, -0.22219586372375488, -0.22219586372375488, -0.22219586372375488, -0.22219586372375488, -0.22219586372375488, -0.22219586372375488, -0.22219586372375488, -0.22219586372375488, -0.22219586372375488, -0.22219586372375488, -0.22219586372375488, -0.22219586372375488, -0.22219586372375488, -0.22219586372375488, -0.22219586372375488, -0.22219586372375488, -0.22219586372375488, -0.22219586372375488, -0.22219586372375488, -0.22219586372375488, -0.22219586372375488, -0.22219586372375488, -0.22219586372375488, -0.22219586372375488, -0.22219586372375488, -0.22219586372375488, -0.22219586372375488, -0.22219586372375488, -0.2115703523159027, -0.2115703523159027, -0.2115703523159027, -0.2115703523159027, -0.2115703523159027, -0.2115703523159027, -0.2115703523159027, -0.2115703523159027, -0.2115703523159027, -0.2115703523159027, -0.2115703523159027, -0.2115703523159027, -0.2115703523159027, -0.2115703523159027, -0.2115703523159027, -0.2115703523159027, -0.2115703523159027, -0.2115703523159027, -0.2115703523159027, -0.2115703523159027, -0.2115703523159027, -0.2115703523159027, -0.2115703523159027, -0.2115703523159027, -0.2115703523159027, -0.2115703523159027, -0.2115703523159027, -0.2115703523159027, -0.2115703523159027, -0.2115703523159027, -0.2115703523159027, -0.2115703523159027, -0.2115703523159027, -0.2115703523159027, -0.2115703523159027, -0.2115703523159027, -0.2115703523159027, -0.2115703523159027, -0.2115703523159027, -0.2115703523159027, -0.2115703523159027, -0.2115703523159027, -0.2115703523159027, -0.2115703523159027, -0.2115703523159027, -0.2115703523159027, -0.2115703523159027, -0.2115703523159027, -0.2115703523159027, -0.2115703523159027, -0.2115703523159027, -0.2115703523159027, -0.2115703523159027, -0.2115703523159027, -0.2115703523159027, -0.2115703523159027, -0.2115703523159027, -0.2115703523159027, -0.2115703523159027, -0.2115703523159027, -0.2115703523159027, -0.2115703523159027, -0.2115703523159027, -0.2115703523159027, -0.2115703523159027, -0.2115703523159027, -0.2115703523159027, -0.2115703523159027, -0.2115703523159027, -0.2115703523159027]]}