{"time": [[0.0, 0.0, 0.0, 0.0, 0.0, 0.0, 0.0, 0.0, 0.0, 0.0, 0.0, 0.0, 0.0, 0.0, 0.0, 0.0, 0.0, 0.0, 0.0, 0.0, 0.0, 0.0, 0.0, 0.0, 0.0, 0.0, 0.0, 0.0, 0.0, 0.0, 0.0, 0.0, 0.0, 0.0, 0.0, 0.0, 0.0, 0.0, 0.0, 0.0, 0.0, 0.0, 0.0, 0.0, 0.0, 0.0, 0.0, 0.0, 0.0, 0.0, 164.5463080368936, 160.73344469629228, 161.25737852416933, 162.9409200400114, 162.36720547266304, 159.80144415423274, 162.62094837613404, 166.50039082951844, 161.1864306498319, 160.85483100637794, 159.37594803608954, 160.88762967847288, 160.37407530657947, 159.1677613966167, 166.18025133758783, 164.94570993818343, 161.70070258155465, 161.50999033637345, 164.30192739143968, 159.5490579959005, 161.83950571529567, 164.32484809309244, 163.67718089185655, 164.0133601371199, 162.18519744463265, 164.65339701995254, 160.3748969808221, 164.78271706029773, 160.4047732371837, 166.10406335256994, 165.99975162744522, 160.83435264788568, 164.5960896909237, 161.69136894121766, 162.0161476340145, 156.1099457629025, 162.90480798855424, 162.9852732103318, 162.6128294877708, 162.82241105288267, 164.2690873388201, 159.57255997881293, 163.47831046953797, 158.3860898669809, 162.45416210219264, 162.40711326897144, 161.9624153636396, 160.1253454759717, 160.92717893980443, 158.81377397850156, 161.14423924311996, 158.24471919983625, 162.1722000837326, 162.96264564059675, 165.055682009086, 159.68683065101504, 168.78400919027627, 164.5360288117081, 159.64274801500142, 158.440684100613, 170.72333830222487, 162.36403115838766, 161.22213311120868, 159.9203619491309, 158.45021415315568, 166.80366251803935, 160.1997942943126, 159.36134243570268, 158.98502418771386, 158.8440868165344, 160.9468620866537, 159.01466902904212, 159.55286415852606, 166.138323828578, 166.32930263131857, 160.9652122594416, 166.06772180832922, 156.91362374275923, 158.180758273229, 165.03346672654152, 164.15737470425665, 165.9522828757763, 162.05370163172483, 162.30873245932162, 163.11567168682814, 168.97647554427385, 159.3775280956179, 165.19820736907423, 161.10015238076448, 159.23613986372948, 158.3589960448444, 167.1261531226337, 169.99484748393297, 166.00012047961354, 159.79045406728983, 161.287918349728, 170.6974697317928, 161.47388108819723, 166.39071393758059, 157.66249170340598]], "objmaxvalue": [[-0.2711344361305237, -0.2637718915939331, -0.2637718915939331, -0.2393777221441269, -0.2393777221441269, -0.2342146933078766, -0.2342146933078766, -0.2342146933078766, -0.2342146933078766, -0.2342146933078766, -0.22490659356117249, -0.22490659356117249, -0.22490659356117249, -0.22490659356117249, -0.22490659356117249, -0.22490659356117249, -0.22490659356117249, -0.22490659356117249, -0.22490659356117249, -0.22490659356117249, -0.22490659356117249, -0.22490659356117249, -0.22490659356117249, -0.22490659356117249, -0.22490659356117249, -0.22490659356117249, -0.22490659356117249, -0.22490659356117249, -0.22490659356117249, -0.22490659356117249, -0.22490659356117249, -0.22490659356117249, -0.22490659356117249, -0.22490659356117249, -0.22490659356117249, -0.22490659356117249, -0.22490659356117249, -0.22490659356117249, -0.22490659356117249, -0.22490659356117249, -0.22490659356117249, -0.22490659356117249, -0.22490659356117249, -0.22490659356117249, -0.22490659356117249, -0.22490659356117249, -0.22490659356117249, -0.22490659356117249, -0.22490659356117249, -0.22490659356117249, -0.22490659356117249, -0.22490659356117249, -0.22490659356117249, -0.22490659356117249, -0.22490659356117249, -0.22490659356117249, -0.22490659356117249, -0.22490659356117249, -0.22490659356117249, -0.22490659356117249, -0.22490659356117249, -0.22490659356117249, -0.22490659356117249, -0.22490659356117249, -0.22490659356117249, -0.22490659356117249, -0.22490659356117249, -0.22490659356117249, -0.22490659356117249, -0.21814781427383423, -0.21814781427383423, -0.21814781427383423, -0.21814781427383423, -0.21814781427383423, -0.21814781427383423, -0.21814781427383423, -0.21814781427383423, -0.21814781427383423, -0.21814781427383423, -0.21814781427383423, -0.21814781427383423, -0.21814781427383423, -0.21814781427383423, -0.21465548872947693, -0.21465548872947693, -0.21465548872947693, -0.21465548872947693, -0.21465548872947693, -0.21465548872947693, -0.21465548872947693, -0.21465548872947693, -0.21465548872947693, -0.21465548872947693, -0.21465548872947693, -0.21465548872947693, -0.21465548872947693, -0.21465548872947693, -0.21465548872947693, -0.21465548872947693, -0.21465548872947693, -0.21465548872947693, -0.21465548872947693, -0.21465548872947693, -0.21465548872947693, -0.21465548872947693, -0.21465548872947693, -0.21465548872947693, -0.21465548872947693, -0.21465548872947693, -0.21465548872947693, -0.21465548872947693, -0.21465548872947693, -0.21465548872947693, -0.21465548872947693, -0.21465548872947693, -0.21465548872947693, -0.21465548872947693, -0.21465548872947693, -0.21465548872947693, -0.21465548872947693, -0.21465548872947693, -0.21465548872947693, -0.21465548872947693, -0.21465548872947693, -0.21465548872947693, -0.21465548872947693, -0.21465548872947693, -0.21465548872947693, -0.21465548872947693, -0.21465548872947693, -0.21465548872947693, -0.21465548872947693, -0.21465548872947693, -0.21465548872947693, -0.21465548872947693, -0.21465548872947693, -0.21465548872947693, -0.21465548872947693, -0.21465548872947693, -0.21465548872947693, -0.21465548872947693, -0.21465548872947693, -0.21465548872947693, -0.21415668725967407, -0.21415668725967407, -0.21415668725967407, -0.21415668725967407, -0.21415668725967407, -0.21415668725967407, -0.21415668725967407]]}