{"time": [[0.0, 0.0, 0.0, 0.0, 0.0, 0.0, 0.0, 0.0, 0.0, 0.0, 0.0, 0.0, 0.0, 0.0, 0.0, 0.0, 0.0, 0.0, 0.0, 0.0, 0.0, 0.0, 0.0, 0.0, 0.0, 0.0, 0.0, 0.0, 0.0, 0.0, 0.0, 0.0, 0.0, 0.0, 0.0, 0.0, 0.0, 0.0, 0.0, 0.0, 0.0, 0.0, 0.0, 0.0, 0.0, 0.0, 0.0, 0.0, 0.0, 0.0, 163.78657760843635, 165.57940095476806, 162.76550382003188, 162.13078762218356, 161.59971150383353, 162.79541203007102, 162.81218158081174, 161.9918674826622, 160.103242341429, 161.86051834002137, 161.26088776811957, 162.37745639123023, 161.60059688985348, 164.10277625359595, 164.53832782432437, 162.3375352472067, 162.7896493561566, 162.79466833919287, 164.23883034847677, 162.38002147711813, 163.69090897403657, 160.82896632142365, 160.97867293283343, 157.892113475129, 160.41214463673532, 159.6187538318336, 162.52739896066487, 158.66174016706645, 159.2641138508916, 163.86251649819314, 158.33772019669414, 161.5354763790965, 166.8066976238042, 165.3908987082541, 163.50014274567366, 164.37915904261172, 160.07777005247772, 159.23776493035257, 162.19494863972068, 161.18211488053203, 161.7445203475654, 157.80762355215847, 162.514093933627, 164.10390982963145, 163.78242972493172, 163.32025658525527, 167.09742006100714, 164.31413415446877, 159.15910535864532, 159.11452096886933, 159.1418996397406, 162.91656070388854, 163.48968870937824, 162.23037625849247, 163.19162767380476, 162.3292019572109, 160.66960485838354, 164.72403289191425, 157.16882419213653, 158.10820225812495, 172.81476173736155, 160.70168347656727, 160.6431180909276, 159.8716704621911, 163.01773280277848, 164.44749781675637, 160.21929496526718, 161.43146966397762, 156.68950833566487, 163.20819249935448, 156.42977853678167, 163.64426048472524, 160.17101654037833, 159.1963433623314, 159.7195205707103, 159.17998496443033, 157.39265948720276, 160.3741937931627, 158.12790884822607, 167.7098018154502, 161.85003878735006, 158.0275285821408, 157.83602807484567, 158.53533863462508, 165.9498634096235, 167.5937804169953, 167.6230655796826, 158.6827525962144, 161.13157481141388, 160.15529024228454, 162.1172163207084, 161.31478657573462, 166.6837642379105, 162.2262156587094, 160.95269344560802, 164.34731145948172, 164.63324304297566, 163.1397459115833, 164.72749858163297, 161.87804852053523]], "objmaxvalue": [[-0.2706250250339508, -0.2587657868862152, -0.2587657868862152, -0.2587657868862152, -0.2521112263202667, -0.2521112263202667, -0.2521112263202667, -0.2521112263202667, -0.2521112263202667, -0.2521112263202667, -0.2342136651277542, -0.2342136651277542, -0.2342136651277542, -0.2342136651277542, -0.2342136651277542, -0.2342136651277542, -0.2342136651277542, -0.2342136651277542, -0.2342136651277542, -0.2342136651277542, -0.2342136651277542, -0.2342136651277542, -0.2342136651277542, -0.2342136651277542, -0.2342136651277542, -0.2342136651277542, -0.2342136651277542, -0.2342136651277542, -0.2342136651277542, -0.2342136651277542, -0.2342136651277542, -0.2342136651277542, -0.2342136651277542, -0.2342136651277542, -0.2342136651277542, -0.2342136651277542, -0.2342136651277542, -0.2342136651277542, -0.2342136651277542, -0.2342136651277542, -0.2342136651277542, -0.2342136651277542, -0.2342136651277542, -0.2342136651277542, -0.2342136651277542, -0.2342136651277542, -0.2342136651277542, -0.2342136651277542, -0.2342136651277542, -0.2342136651277542, -0.2260800451040268, -0.2260800451040268, -0.2260800451040268, -0.2260800451040268, -0.2260800451040268, -0.2260800451040268, -0.21801747381687164, -0.21801747381687164, -0.21801747381687164, -0.21801747381687164, -0.21801747381687164, -0.21801747381687164, -0.21801747381687164, -0.21801747381687164, -0.21801747381687164, -0.21801747381687164, -0.21801747381687164, -0.21801747381687164, -0.21801747381687164, -0.21801747381687164, -0.21801747381687164, -0.21801747381687164, -0.21801747381687164, -0.21801747381687164, -0.21801747381687164, -0.21801747381687164, -0.21801747381687164, -0.21801747381687164, -0.21801747381687164, -0.21801747381687164, -0.21801747381687164, -0.21801747381687164, -0.21801747381687164, -0.21801747381687164, -0.21801747381687164, -0.21801747381687164, -0.21801747381687164, -0.21801747381687164, -0.21801747381687164, -0.21801747381687164, -0.21801747381687164, -0.21801747381687164, -0.21801747381687164, -0.21801747381687164, -0.21801747381687164, -0.21801747381687164, -0.21801747381687164, -0.21801747381687164, -0.21801747381687164, -0.21801747381687164, -0.21801747381687164, -0.21801747381687164, -0.21801747381687164, -0.21801747381687164, -0.21801747381687164, -0.21801747381687164, -0.21801747381687164, -0.21801747381687164, -0.21801747381687164, -0.21801747381687164, -0.21801747381687164, -0.21801747381687164, -0.21801747381687164, -0.21801747381687164, -0.21801747381687164, -0.21801747381687164, -0.21801747381687164, -0.21801747381687164, -0.21801747381687164, -0.21801747381687164, -0.21801747381687164, -0.21801747381687164, -0.21801747381687164, -0.21801747381687164, -0.21801747381687164, -0.21801747381687164, -0.21801747381687164, -0.21801747381687164, -0.21801747381687164, -0.21801747381687164, -0.21801747381687164, -0.21801747381687164, -0.21801747381687164, -0.21801747381687164, -0.21801747381687164, -0.21801747381687164, -0.21801747381687164, -0.21801747381687164, -0.21801747381687164, -0.21801747381687164, -0.21801747381687164, -0.21801747381687164, -0.21801747381687164, -0.21801747381687164, -0.21801747381687164, -0.21801747381687164, -0.21801747381687164, -0.21801747381687164, -0.21801747381687164, -0.21801747381687164]]}