{"time": [[0.0, 0.0, 0.0, 0.0, 0.0, 0.0, 0.0, 0.0, 0.0, 0.0, 0.0, 0.0, 0.0, 0.0, 0.0, 0.0, 0.0, 0.0, 0.0, 0.0, 0.0, 0.0, 0.0, 0.0, 0.0, 0.0, 0.0, 0.0, 0.0, 0.0, 0.0, 0.0, 0.0, 0.0, 0.0, 0.0, 0.0, 0.0, 0.0, 0.0, 0.0, 0.0, 0.0, 0.0, 0.0, 0.0, 0.0, 0.0, 0.0, 0.0, 164.84593802597374, 159.09071364812553, 158.89475514180958, 163.42715532053262, 163.03426608629525, 163.2621386665851, 170.00338111631572, 166.59915093053132, 164.37641861382872, 162.33317742310464, 158.87390803638846, 161.69812887813896, 158.88236878812313, 163.70154773350805, 161.0749884052202, 162.38387251459062, 162.7733724070713, 162.1517771128565, 161.22050194628537, 160.82408629450947, 160.50881528668106, 160.21638953592628, 164.38850808236748, 161.4236596263945, 163.37022607494146, 162.88899196311831, 163.11930380109698, 168.12549006193876, 169.9654563628137, 165.74558006599545, 166.01980312168598, 163.007130776532, 162.9522336712107, 163.8340060217306, 159.64737276174128, 160.5304915169254, 156.56993154622614, 157.92618501652032, 161.5853273011744, 161.03514573257416, 160.69966336153448, 162.00420923531055, 160.38755223806947, 160.48188250418752, 163.95308212284, 165.21316509786993, 163.44406060222536, 158.30400785710663, 163.65663500409573, 162.84653873369098, 171.40728437528014, 164.12513739522547, 163.5238905074075, 161.88715140521526, 160.75788223184645, 160.11778666637838, 161.6571653764695, 165.95230223610997, 160.0666066268459, 160.13039244990796, 166.22103437501937, 163.81864026095718, 160.82292701117694, 158.59098347648978, 160.43521645199507, 158.12879115529358, 160.935407246463, 160.9983057435602, 165.81567103322595, 164.98423201031983, 159.564948361367, 161.1318418039009, 167.74619077239186, 161.4435991626233, 163.90877172909677, 164.8452360741794, 161.887313766405, 164.82605757378042, 167.83501227758825, 164.222268268466, 161.95882165711373, 160.3681655395776, 163.33165271300822, 163.09145423024893, 159.73837738204747, 164.15370252076536, 159.93746724817902, 166.5091769117862, 166.07295804750174, 165.26822902448475, 163.01966609060764, 167.4384605390951, 163.16899689566344, 168.15189173445106, 167.39220096822828, 164.86614722199738, 162.22863990161568, 162.48896187637, 158.65816147904843, 175.59380357153714]], "objmaxvalue": [[-0.3117746114730835, -0.2649547755718231, -0.2649547755718231, -0.2649547755718231, -0.2579348683357239, -0.2579348683357239, -0.2579348683357239, -0.24715155363082886, -0.24715155363082886, -0.24715155363082886, -0.24715155363082886, -0.24384315311908722, -0.24384315311908722, -0.24384315311908722, -0.24384315311908722, -0.24384315311908722, -0.24384315311908722, -0.24384315311908722, -0.23736225068569183, -0.23736225068569183, -0.23736225068569183, -0.23736225068569183, -0.23736225068569183, -0.23736225068569183, -0.23736225068569183, -0.23736225068569183, -0.23736225068569183, -0.23736225068569183, -0.23736225068569183, -0.23736225068569183, -0.22870218753814697, -0.22870218753814697, -0.22870218753814697, -0.22870218753814697, -0.22870218753814697, -0.22870218753814697, -0.22870218753814697, -0.22870218753814697, -0.22870218753814697, -0.22870218753814697, -0.22870218753814697, -0.22870218753814697, -0.22870218753814697, -0.22870218753814697, -0.22870218753814697, -0.22870218753814697, -0.22870218753814697, -0.22870218753814697, -0.22870218753814697, -0.22870218753814697, -0.22870218753814697, -0.21972836554050446, -0.21972836554050446, -0.21972836554050446, -0.21972836554050446, -0.21972836554050446, -0.21972836554050446, -0.21972836554050446, -0.21972836554050446, -0.21972836554050446, -0.21972836554050446, -0.21972836554050446, -0.21972836554050446, -0.21972836554050446, -0.21972836554050446, -0.21972836554050446, -0.21972836554050446, -0.21972836554050446, -0.21972836554050446, -0.21972836554050446, -0.21972836554050446, -0.21972836554050446, -0.21972836554050446, -0.21972836554050446, -0.21972836554050446, -0.21972836554050446, -0.21972836554050446, -0.21972836554050446, -0.21972836554050446, -0.21972836554050446, -0.21972836554050446, -0.21972836554050446, -0.21972836554050446, -0.21972836554050446, -0.21972836554050446, -0.21972836554050446, -0.21972836554050446, -0.21972836554050446, -0.21972836554050446, -0.21972836554050446, -0.21972836554050446, -0.21972836554050446, -0.21972836554050446, -0.21972836554050446, -0.21972836554050446, -0.21972836554050446, -0.21972836554050446, -0.21972836554050446, -0.21972836554050446, -0.21972836554050446, -0.21972836554050446, -0.21972836554050446, -0.21972836554050446, -0.21972836554050446, -0.21972836554050446, -0.21972836554050446, -0.21972836554050446, -0.21972836554050446, -0.21972836554050446, -0.21972836554050446, -0.21972836554050446, -0.21972836554050446, -0.21972836554050446, -0.21972836554050446, -0.21972836554050446, -0.21972836554050446, -0.21972836554050446, -0.21972836554050446, -0.21972836554050446, -0.21972836554050446, -0.21972836554050446, -0.21972836554050446, -0.21972836554050446, -0.21972836554050446, -0.21972836554050446, -0.21972836554050446, -0.21972836554050446, -0.21972836554050446, -0.21972836554050446, -0.21972836554050446, -0.21972836554050446, -0.21972836554050446, -0.21972836554050446, -0.21972836554050446, -0.21972836554050446, -0.21972836554050446, -0.21972836554050446, -0.21972836554050446, -0.21972836554050446, -0.21972836554050446, -0.21972836554050446, -0.21972836554050446, -0.21972836554050446, -0.21972836554050446, -0.21972836554050446, -0.21972836554050446, -0.21972836554050446, -0.21972836554050446, -0.21972836554050446, -0.21972836554050446]]}