{"time": [[0.0, 0.0, 0.0, 0.0, 0.0, 0.0, 0.0, 0.0, 0.0, 0.0, 0.0, 0.0, 0.0, 0.0, 0.0, 0.0, 0.0, 0.0, 0.0, 0.0, 0.0, 0.0, 0.0, 0.0, 0.0, 0.0, 0.0, 0.0, 0.0, 0.0, 0.0, 0.0, 0.0, 0.0, 0.0, 0.0, 0.0, 0.0, 0.0, 0.0, 0.0, 0.0, 0.0, 0.0, 0.0, 0.0, 0.0, 0.0, 0.0, 0.0, 162.27211694326252, 162.4388990700245, 163.48625173885375, 163.4802339747548, 173.2097506877035, 162.0097387470305, 162.97943467553705, 163.29231613501906, 158.12496644910425, 162.48774770181626, 163.48744730185717, 163.33071198500693, 160.78129517659545, 157.06604306027293, 163.62228060793132, 159.5630580978468, 164.6423071930185, 157.7673938954249, 162.90952852368355, 163.86363098956645, 167.8277389826253, 163.43944298569113, 161.4652892909944, 164.59267519135028, 160.61062507051975, 158.7005501370877, 163.9863588726148, 163.93458029441535, 158.74218372255564, 165.4500195980072, 166.2947411937639, 169.3028901256621, 167.28556783124804, 165.99742351286113, 168.40853222180158, 171.16868421528488, 165.60594942886382, 160.12731220386922, 164.73521612212062, 158.7582309069112, 163.4049379285425, 160.88698389846832, 164.71416825521737, 158.58036468923092, 159.16122393961996, 164.47994547057897, 160.50476026162505, 163.51141072250903, 161.44220813270658, 158.36503890156746, 169.51937002595514, 161.13013827893883, 163.6705073788762, 160.80575443804264, 167.93527580890805, 165.67574300710112, 160.5903210453689, 162.4528998285532, 164.50274923164397, 168.21628535632044, 165.11812463589013, 169.88447889033705, 167.17120030336082, 164.1456209179014, 165.95564403012395, 165.27058669086546, 164.33618475776166, 160.21962516009808, 160.09153140056878, 163.43476283550262, 159.84491738583893, 161.33221937622875, 164.80884268693626, 159.83421410620213, 165.13308475073427, 158.3604002185166, 164.7168649956584, 162.21149750892073, 162.81128288805485, 160.22422097995877, 163.4039322240278, 166.76932376809418, 166.60754776000977, 163.14390396140516, 163.48481843154877, 161.3527065180242, 163.45875404588878, 167.0261981692165, 158.38328020554036, 161.08331505954266, 160.34032754413784, 159.35510139353573, 161.7708583753556, 163.3140095891431, 163.59082436095923, 162.9973346311599, 160.66448764596134, 166.8902189815417, 163.80396433267742, 163.7845336990431]], "objmaxvalue": [[-0.2443206012248993, -0.2443206012248993, -0.2443206012248993, -0.2443206012248993, -0.2443206012248993, -0.2443206012248993, -0.2443206012248993, -0.2443206012248993, -0.2443206012248993, -0.2443206012248993, -0.2443206012248993, -0.2443206012248993, -0.2443206012248993, -0.2443206012248993, -0.2443206012248993, -0.2443206012248993, -0.2443206012248993, -0.2443206012248993, -0.2443206012248993, -0.2443206012248993, -0.2443206012248993, -0.2443206012248993, -0.2443206012248993, -0.2443206012248993, -0.2443206012248993, -0.2443206012248993, -0.2443206012248993, -0.2443206012248993, -0.2443206012248993, -0.2443206012248993, -0.2443206012248993, -0.2443206012248993, -0.2443206012248993, -0.2443206012248993, -0.2443206012248993, -0.2443206012248993, -0.2443206012248993, -0.2443206012248993, -0.2443206012248993, -0.2443206012248993, -0.2443206012248993, -0.2443206012248993, -0.2443206012248993, -0.2443206012248993, -0.2443206012248993, -0.2443206012248993, -0.229736790060997, -0.229736790060997, -0.229736790060997, -0.229736790060997, -0.229736790060997, -0.229736790060997, -0.229736790060997, -0.229736790060997, -0.229736790060997, -0.229736790060997, -0.229736790060997, -0.229736790060997, -0.229736790060997, -0.229736790060997, -0.229736790060997, -0.229736790060997, -0.229736790060997, -0.229736790060997, -0.229736790060997, -0.229736790060997, -0.229736790060997, -0.229736790060997, -0.229736790060997, -0.229736790060997, -0.229736790060997, -0.229736790060997, -0.229736790060997, -0.229736790060997, -0.229736790060997, -0.229736790060997, -0.22665554285049438, -0.22665554285049438, -0.22665554285049438, -0.22665554285049438, -0.22665554285049438, -0.22665554285049438, -0.22665554285049438, -0.22665554285049438, -0.22665554285049438, -0.22665554285049438, -0.22665554285049438, -0.22665554285049438, -0.22204239666461945, -0.22204239666461945, -0.21601712703704834, -0.21601712703704834, -0.21601712703704834, -0.21601712703704834, -0.21601712703704834, -0.21601712703704834, -0.21601712703704834, -0.21601712703704834, -0.21601712703704834, -0.21601712703704834, -0.21601712703704834, -0.21601712703704834, -0.21601712703704834, -0.21601712703704834, -0.21601712703704834, -0.21601712703704834, -0.21601712703704834, -0.21601712703704834, -0.21601712703704834, -0.21601712703704834, -0.21601712703704834, -0.21601712703704834, -0.21601712703704834, -0.21601712703704834, -0.21601712703704834, -0.21601712703704834, -0.21601712703704834, -0.21601712703704834, -0.21601712703704834, -0.21601712703704834, -0.21601712703704834, -0.21601712703704834, -0.21601712703704834, -0.21601712703704834, -0.21601712703704834, -0.21601712703704834, -0.21601712703704834, -0.21601712703704834, -0.21601712703704834, -0.21601712703704834, -0.21601712703704834, -0.21601712703704834, -0.21601712703704834, -0.21601712703704834, -0.21601712703704834, -0.21601712703704834, -0.21601712703704834, -0.21601712703704834, -0.21601712703704834, -0.21601712703704834, -0.21601712703704834, -0.21601712703704834, -0.21601712703704834, -0.21601712703704834, -0.21601712703704834, -0.21601712703704834, -0.21601712703704834, -0.21601712703704834, -0.21601712703704834, -0.21601712703704834]]}