{"time": [[0.0, 0.0, 0.0, 0.0, 0.0, 0.0, 0.0, 0.0, 0.0, 0.0, 0.0, 0.0, 0.0, 0.0, 0.0, 0.0, 0.0, 0.0, 0.0, 0.0, 0.0, 0.0, 0.0, 0.0, 0.0, 0.0, 0.0, 0.0, 0.0, 0.0, 0.0, 0.0, 0.0, 0.0, 0.0, 0.0, 0.0, 0.0, 0.0, 0.0, 0.0, 0.0, 0.0, 0.0, 0.0, 0.0, 0.0, 0.0, 0.0, 0.0, 171.6280833715573, 163.22463812772185, 163.42487570550293, 171.6448159152642, 165.44493755325675, 163.18901539593935, 158.3286366974935, 162.94654026348144, 157.93927684333175, 161.40784957632422, 157.18885617423803, 160.9696644861251, 158.7030471013859, 159.67214153520763, 162.63086822908372, 161.156039359048, 159.93700336385518, 162.31521184556186, 159.2868553120643, 165.3313444601372, 160.54680705815554, 161.29359775874764, 163.03510129079223, 170.11240451410413, 160.3437172388658, 161.56941352970898, 160.60950979497284, 165.19154152926058, 161.02864796854556, 162.86738831270486, 163.91255925036967, 160.25539548508823, 159.95884263515472, 162.2336852857843, 164.49261891655624, 161.50482228398323, 164.19418711960316, 174.3324752068147, 165.54274586588144, 164.7477800482884, 163.02240927610546, 163.08798950258642, 162.80935651436448, 164.5171770574525, 158.68018632940948, 163.3552782004699, 162.14278446603566, 162.46486204117537, 163.015441801399, 161.82898589409888, 171.83127562329173, 165.50931409653276, 167.43599601089954, 166.18802197929472, 171.10986842401326, 163.89666282664984, 163.2107062479481, 163.53343946952373, 161.93098300509155, 159.20635021012276, 160.7501642741263, 160.5714542446658, 169.54747674427927, 167.35957718174905, 163.7124473452568, 165.9260058980435, 162.89797054044902, 160.90033876523376, 168.9860475677997, 165.562348424457, 163.33521890919656, 161.06790536362678, 161.83865219261497, 167.09667128231376, 164.30269065033644, 160.6091763181612, 158.8579640770331, 163.8270153477788, 166.02775382529944, 162.2897232659161, 166.93298339750618, 165.53465020563453, 159.56728754471987, 161.17772486712784, 165.51091911271214, 163.70312838163227, 163.92955754045397, 164.39000667631626, 163.40942254662514, 169.15947341918945, 166.7424916252494, 170.98864608816803, 164.82687423750758, 160.18948442395777, 163.53341254312545, 162.0350487390533, 161.01292724441737, 161.0368469869718, 165.17152831424028, 165.9974852371961]], "objmaxvalue": [[-0.26228955388069153, -0.26228955388069153, -0.26228955388069153, -0.23225679993629456, -0.23225679993629456, -0.23225679993629456, -0.23225679993629456, -0.23225679993629456, -0.23225679993629456, -0.23225679993629456, -0.23225679993629456, -0.23225679993629456, -0.23225679993629456, -0.23225679993629456, -0.23225679993629456, -0.23225679993629456, -0.23225679993629456, -0.23225679993629456, -0.23225679993629456, -0.23225679993629456, -0.23225679993629456, -0.23225679993629456, -0.23225679993629456, -0.23225679993629456, -0.23225679993629456, -0.23225679993629456, -0.23225679993629456, -0.23225679993629456, -0.23225679993629456, -0.23225679993629456, -0.23225679993629456, -0.23225679993629456, -0.23225679993629456, -0.23225679993629456, -0.23225679993629456, -0.23225679993629456, -0.23128463327884674, -0.23128463327884674, -0.23128463327884674, -0.23128463327884674, -0.23128463327884674, -0.23128463327884674, -0.23128463327884674, -0.23128463327884674, -0.23128463327884674, -0.23128463327884674, -0.23128463327884674, -0.23128463327884674, -0.23128463327884674, -0.23128463327884674, -0.23128463327884674, -0.23128463327884674, -0.23128463327884674, -0.22409464418888092, -0.21890880167484283, -0.21890880167484283, -0.21890880167484283, -0.21890880167484283, -0.21890880167484283, -0.21890880167484283, -0.21890880167484283, -0.21890880167484283, -0.21890880167484283, -0.21890880167484283, -0.21890880167484283, -0.21890880167484283, -0.21890880167484283, -0.21890880167484283, -0.21890880167484283, -0.21890880167484283, -0.21890880167484283, -0.21890880167484283, -0.21890880167484283, -0.21890880167484283, -0.21890880167484283, -0.21890880167484283, -0.21890880167484283, -0.21890880167484283, -0.21890880167484283, -0.21890880167484283, -0.21890880167484283, -0.21890880167484283, -0.21890880167484283, -0.21890880167484283, -0.21890880167484283, -0.21890880167484283, -0.21890880167484283, -0.21890880167484283, -0.21890880167484283, -0.21890880167484283, -0.21890880167484283, -0.21890880167484283, -0.21890880167484283, -0.21890880167484283, -0.21890880167484283, -0.21890880167484283, -0.21890880167484283, -0.21890880167484283, -0.21890880167484283, -0.21890880167484283, -0.21890880167484283, -0.21890880167484283, -0.21890880167484283, -0.21890880167484283, -0.21890880167484283, -0.21890880167484283, -0.21890880167484283, -0.21890880167484283, -0.21890880167484283, -0.21890880167484283, -0.21890880167484283, -0.21890880167484283, -0.21890880167484283, -0.21890880167484283, -0.21890880167484283, -0.21890880167484283, -0.21890880167484283, -0.21890880167484283, -0.21890880167484283, -0.21890880167484283, -0.21890880167484283, -0.21890880167484283, -0.21890880167484283, -0.21890880167484283, -0.21890880167484283, -0.21890880167484283, -0.21890880167484283, -0.21890880167484283, -0.21890880167484283, -0.21890880167484283, -0.21890880167484283, -0.21890880167484283, -0.21890880167484283, -0.21890880167484283, -0.21890880167484283, -0.21890880167484283, -0.21890880167484283, -0.21890880167484283, -0.21890880167484283, -0.21890880167484283, -0.21890880167484283, -0.21890880167484283, -0.21890880167484283, -0.21890880167484283, -0.21890880167484283, -0.21890880167484283, -0.21890880167484283, -0.21890880167484283, -0.21890880167484283, -0.21890880167484283]]}