{"time": [[0.0, 0.0, 0.0, 0.0, 0.0, 0.0, 0.0, 0.0, 0.0, 0.0, 0.0, 0.0, 0.0, 0.0, 0.0, 0.0, 0.0, 0.0, 0.0, 0.0, 0.0, 0.0, 0.0, 0.0, 0.0, 0.0, 0.0, 0.0, 0.0, 0.0, 0.0, 0.0, 0.0, 0.0, 0.0, 0.0, 0.0, 0.0, 0.0, 0.0, 0.0, 0.0, 0.0, 0.0, 0.0, 0.0, 0.0, 0.0, 0.0, 0.0, 167.4063162850216, 162.33030861709267, 160.13073595054448, 164.52505025360733, 165.30815707612783, 157.80083752050996, 161.59868109971285, 163.2935632718727, 164.41525497473776, 163.94718955736607, 162.67335339263082, 164.2365013929084, 165.56374765187502, 170.5552605520934, 169.23670068383217, 167.21941771637648, 160.43106815963984, 159.0116665866226, 158.57203618064523, 165.3612590674311, 173.26743947248906, 172.16701949760318, 166.19326735846698, 173.32914954330772, 164.1029721479863, 163.56217822711915, 163.19211069494486, 163.78692991938442, 162.379416202195, 162.66862144041806, 160.4182803472504, 162.19696246925741, 165.89411832857877, 160.40509115718305, 159.43392039556056, 159.02840006630868, 173.4483429696411, 165.90982943493873, 166.912695848383, 172.56159087084234, 163.06567672174424, 163.5973734324798, 160.3850053548813, 163.28727112803608, 162.7231723004952, 172.143678416498, 160.4012755136937, 162.83536213915795, 163.53701398521662, 167.11364185251296, 168.6513119917363, 165.1521881800145, 164.7701849974692, 161.6464458266273, 161.0777847096324, 166.99555992428213, 168.2457034578547, 166.17309374827892, 163.84268311224878, 163.19275996554643, 160.01947711408138, 164.44336458295584, 167.54244345240295, 172.5404345113784, 173.03660914115608, 164.35427869204432, 164.63880415540189, 162.10292936116457, 173.63920233026147, 169.73861639294773, 163.6358101600781, 163.29878542013466, 163.2955722482875, 164.80417521949857, 164.22815786208957, 163.89925385452807, 166.38586689624935, 165.06282136123627, 164.20788215193897, 162.37166030425578, 163.87288539577276, 165.0572889773175, 164.69718983583152, 162.95399659313262, 167.17401227541268, 172.86673081386834, 164.47468394692987, 175.29122535698116, 164.95212429761887, 163.89127112925053, 165.90781803242862, 161.22519676666707, 163.54667895007879, 164.6362256994471, 175.5015010870993, 169.02472387626767, 163.11632082983851, 160.89195138588548, 162.1949084624648, 163.9686356317252]], "objmaxvalue": [[-0.28481224179267883, -0.28207817673683167, -0.2748478055000305, -0.2666783034801483, -0.26395851373672485, -0.26395851373672485, -0.24221163988113403, -0.24221163988113403, -0.24221163988113403, -0.24221163988113403, -0.24221163988113403, -0.23805177211761475, -0.23805177211761475, -0.23805177211761475, -0.23805177211761475, -0.23805177211761475, -0.23805177211761475, -0.23805177211761475, -0.23805177211761475, -0.23805177211761475, -0.23805177211761475, -0.23805177211761475, -0.23033040761947632, -0.23033040761947632, -0.23033040761947632, -0.23033040761947632, -0.23033040761947632, -0.23033040761947632, -0.23033040761947632, -0.23033040761947632, -0.23033040761947632, -0.23033040761947632, -0.23033040761947632, -0.23033040761947632, -0.23033040761947632, -0.23033040761947632, -0.23033040761947632, -0.23033040761947632, -0.23033040761947632, -0.23033040761947632, -0.23033040761947632, -0.23033040761947632, -0.23033040761947632, -0.23033040761947632, -0.23033040761947632, -0.23033040761947632, -0.23033040761947632, -0.23033040761947632, -0.23033040761947632, -0.23033040761947632, -0.23033040761947632, -0.23033040761947632, -0.23033040761947632, -0.23033040761947632, -0.23033040761947632, -0.23033040761947632, -0.23033040761947632, -0.23033040761947632, -0.23033040761947632, -0.23033040761947632, -0.23033040761947632, -0.23033040761947632, -0.23033040761947632, -0.23033040761947632, -0.23033040761947632, -0.23033040761947632, -0.23033040761947632, -0.23033040761947632, -0.23033040761947632, -0.23033040761947632, -0.23033040761947632, -0.23033040761947632, -0.23033040761947632, -0.23033040761947632, -0.23033040761947632, -0.23033040761947632, -0.23033040761947632, -0.23033040761947632, -0.23033040761947632, -0.23033040761947632, -0.23033040761947632, -0.23033040761947632, -0.23033040761947632, -0.23033040761947632, -0.23033040761947632, -0.23033040761947632, -0.23033040761947632, -0.23033040761947632, -0.22161762416362762, -0.22161762416362762, -0.22161762416362762, -0.22161762416362762, -0.22161762416362762, -0.22161762416362762, -0.22161762416362762, -0.22161762416362762, -0.22161762416362762, -0.22161762416362762, -0.22161762416362762, -0.22161762416362762, -0.22161762416362762, -0.22161762416362762, -0.22161762416362762, -0.22161762416362762, -0.22161762416362762, -0.22161762416362762, -0.22161762416362762, -0.22161762416362762, -0.22161762416362762, -0.22161762416362762, -0.22161762416362762, -0.22161762416362762, -0.22161762416362762, -0.22161762416362762, -0.22161762416362762, -0.22161762416362762, -0.22161762416362762, -0.22161762416362762, -0.22161762416362762, -0.22161762416362762, -0.22161762416362762, -0.22161762416362762, -0.22161762416362762, -0.22161762416362762, -0.22161762416362762, -0.22161762416362762, -0.22161762416362762, -0.22161762416362762, -0.22161762416362762, -0.22161762416362762, -0.22161762416362762, -0.22161762416362762, -0.22161762416362762, -0.22161762416362762, -0.22161762416362762, -0.22161762416362762, -0.22161762416362762, -0.22161762416362762, -0.22161762416362762, -0.22161762416362762, -0.22161762416362762, -0.22161762416362762, -0.22161762416362762, -0.22161762416362762, -0.22161762416362762, -0.22161762416362762, -0.22161762416362762, -0.22161762416362762, -0.22161762416362762, -0.22161762416362762]]}