{"time": [[0.0, 0.0, 0.0, 0.0, 0.0, 0.0, 0.0, 0.0, 0.0, 0.0, 0.0, 0.0, 0.0, 0.0, 0.0, 0.0, 0.0, 0.0, 0.0, 0.0, 0.0, 0.0, 0.0, 0.0, 0.0, 0.0, 0.0, 0.0, 0.0, 0.0, 0.0, 0.0, 0.0, 0.0, 0.0, 0.0, 0.0, 0.0, 0.0, 0.0, 0.0, 0.0, 0.0, 0.0, 0.0, 0.0, 0.0, 0.0, 0.0, 0.0, 164.00729337520897, 165.18746925517917, 163.23850034642965, 159.66288539487869, 158.0890441108495, 156.58036934491247, 160.01654059253633, 161.12672043778002, 159.5601441655308, 157.7544491868466, 158.01620037201792, 162.8333830339834, 166.04410806205124, 163.3274830589071, 161.92332522384822, 163.35540815349668, 159.60990971978754, 165.0698457825929, 164.07101654727012, 162.4704516697675, 163.612826757133, 159.95801054965705, 161.14821530412883, 162.87363019771874, 164.87761995382607, 158.6409516558051, 161.4923537876457, 164.35117104556412, 172.99392502661794, 161.8271486023441, 159.68494043592364, 162.99544903542846, 162.83161222469062, 162.18300534412265, 162.69150769896805, 163.58298652246594, 158.75750963483006, 161.04338729847223, 165.36239598691463, 165.03469253145158, 167.6837912229821, 163.86339609976858, 164.64791611861438, 164.52810037415475, 158.01955551095307, 158.38050910830498, 156.96842209342867, 163.52335587795824, 164.49793482851237, 164.04561427701265, 170.42151165939867, 164.54302392993122, 160.91298820450902, 164.03900978621095, 160.74300092924386, 161.96158813592046, 162.31624020077288, 164.37008631136268, 162.23009998444468, 160.34408906381577, 164.6077201962471, 165.5508501669392, 165.44823472108692, 160.02547021955252, 160.65067668817937, 163.3371783643961, 161.88876062911004, 162.01335337013006, 160.63196609634906, 162.59920490998775, 165.5550736868754, 167.51795992534608, 163.5094871930778, 166.15907974168658, 164.8517334787175, 165.06971743609756, 161.04909835383296, 164.64746803138405, 161.18106996454298, 161.25666449777782, 164.93136471137404, 160.04155686870217, 164.09161226078868, 162.33762755058706, 161.89294316153973, 162.98998505156487, 160.5190616697073, 163.89416768960655, 160.9638602240011, 166.79251544270664, 164.9590432541445, 165.110122859478, 164.26608704216778, 163.98932055011392, 163.3081248095259, 160.60794551018625, 166.5975388539955, 168.9107206016779, 163.19082684535533, 164.7975999955088]], "objmaxvalue": [[-0.2843894064426422, -0.24980974197387695, -0.24980974197387695, -0.24980974197387695, -0.24980974197387695, -0.24980974197387695, -0.24980974197387695, -0.24980974197387695, -0.24980974197387695, -0.24980974197387695, -0.24980974197387695, -0.24980974197387695, -0.24980974197387695, -0.24980974197387695, -0.24980974197387695, -0.24980974197387695, -0.24980974197387695, -0.24980974197387695, -0.24980974197387695, -0.24980974197387695, -0.24980974197387695, -0.24980974197387695, -0.24980974197387695, -0.24980974197387695, -0.24980974197387695, -0.23626087605953217, -0.23626087605953217, -0.23626087605953217, -0.23626087605953217, -0.23626087605953217, -0.23626087605953217, -0.23626087605953217, -0.23626087605953217, -0.23626087605953217, -0.23626087605953217, -0.23626087605953217, -0.23626087605953217, -0.23626087605953217, -0.23626087605953217, -0.23626087605953217, -0.23626087605953217, -0.23626087605953217, -0.23626087605953217, -0.23626087605953217, -0.23626087605953217, -0.23626087605953217, -0.23626087605953217, -0.23626087605953217, -0.23626087605953217, -0.23626087605953217, -0.23626087605953217, -0.23626087605953217, -0.23626087605953217, -0.23626087605953217, -0.23626087605953217, -0.23626087605953217, -0.23626087605953217, -0.23626087605953217, -0.23626087605953217, -0.23626087605953217, -0.23626087605953217, -0.23626087605953217, -0.23626087605953217, -0.23626087605953217, -0.23626087605953217, -0.23626087605953217, -0.23626087605953217, -0.233086496591568, -0.233086496591568, -0.233086496591568, -0.233086496591568, -0.233086496591568, -0.233086496591568, -0.233086496591568, -0.233086496591568, -0.233086496591568, -0.233086496591568, -0.233086496591568, -0.233086496591568, -0.233086496591568, -0.233086496591568, -0.233086496591568, -0.233086496591568, -0.233086496591568, -0.233086496591568, -0.233086496591568, -0.233086496591568, -0.233086496591568, -0.233086496591568, -0.233086496591568, -0.233086496591568, -0.233086496591568, -0.233086496591568, -0.233086496591568, -0.233086496591568, -0.233086496591568, -0.233086496591568, -0.233086496591568, -0.233086496591568, -0.22813443839550018, -0.22813443839550018, -0.22813443839550018, -0.22813443839550018, -0.22813443839550018, -0.22813443839550018, -0.22813443839550018, -0.22813443839550018, -0.22813443839550018, -0.22813443839550018, -0.22813443839550018, -0.22813443839550018, -0.22813443839550018, -0.2191065400838852, -0.2191065400838852, -0.2191065400838852, -0.2191065400838852, -0.2191065400838852, -0.2191065400838852, -0.2191065400838852, -0.2191065400838852, -0.2191065400838852, -0.2191065400838852, -0.2191065400838852, -0.2191065400838852, -0.2191065400838852, -0.2191065400838852, -0.2191065400838852, -0.2191065400838852, -0.2191065400838852, -0.2191065400838852, -0.2191065400838852, -0.2191065400838852, -0.2191065400838852, -0.2191065400838852, -0.2191065400838852, -0.2191065400838852, -0.2191065400838852, -0.2191065400838852, -0.2191065400838852, -0.2191065400838852, -0.2191065400838852, -0.2191065400838852, -0.2191065400838852, -0.2191065400838852, -0.2191065400838852, -0.2191065400838852, -0.2191065400838852, -0.2191065400838852, -0.2191065400838852, -0.2191065400838852]]}