{"time": [[0.0, 0.0, 0.0, 0.0, 0.0, 0.0, 0.0, 0.0, 0.0, 0.0, 0.0, 0.0, 0.0, 0.0, 0.0, 0.0, 0.0, 0.0, 0.0, 0.0, 0.0, 0.0, 0.0, 0.0, 0.0, 0.0, 0.0, 0.0, 0.0, 0.0, 0.0, 0.0, 0.0, 0.0, 0.0, 0.0, 0.0, 0.0, 0.0, 0.0, 0.0, 0.0, 0.0, 0.0, 0.0, 0.0, 0.0, 0.0, 0.0, 0.0, 186.82819916307926, 175.57818379625678, 178.11593261361122, 185.96705346554518, 179.2692391667515, 185.25118796899915, 181.37009225599468, 183.74005516432226, 180.96611230634153, 184.59970362856984, 193.0268316604197, 183.24044945277274, 183.27962304838002, 179.43654547445476, 180.68054679222405, 176.05024177767336, 178.83248176425695, 180.15791853703558, 179.8051511850208, 182.30333561450243, 12733.021144807339, 183.23907625861466, 169.5971654113382, 179.29916834272444, 185.97609800100327, 173.68729275092483, 182.03325472772121, 174.83685738779604, 183.4971785247326, 168.9115258678794, 182.27424038760364, 180.46828467957675, 182.48060366511345, 180.45043933577836, 183.88821971975267, 178.3805669452995, 190.6204635668546, 188.15557869151235, 171.92052496038377, 170.39049375988543, 18289.639874331653, 272.84897580742836, 278.40159182064235, 264.88021415285766, 259.905493022874, 268.9180317148566, 264.1553023047745, 259.7440974637866, 263.4275644887239, 260.5570636931807, 258.35506958700716, 263.9098335914314, 265.33674143999815, 266.3880730383098, 270.98806450888515, 274.1390763130039, 260.9000918529928, 282.39759483002126, 259.9750168751925, 249.74964278936386, 27849.15897301212, 249.4610776733607, 252.14007348567247, 251.91931966133416, 250.56733871251345, 249.8232415486127, 249.84840718843043, 252.78053946234286, 249.66244485229254, 251.07854194380343, 251.8612794727087, 248.27448343858123, 253.76807580329478, 248.92979422211647, 250.22679135389626, 253.03416591137648, 252.9218901321292, 256.7802336141467, 257.9986460469663, 250.25444328039885, 32816.69964227453, 260.2043865658343, 252.7432665489614, 252.07295910082757, 252.87231893464923, 250.4094318319112, 253.1711131017655, 252.4245157726109, 249.57860159501433, 250.2603855933994, 251.24575237371027, 257.1897060871124, 249.6586199682206, 251.59303529001772, 251.76547984406352, 249.80670230276883, 249.53375815972686, 250.61886764876544, 249.59336218610406, 250.39065410383046]], "objmaxvalue": [[-0.2616824805736542, -0.2616824805736542, -0.2616824805736542, -0.2616824805736542, -0.2616824805736542, -0.2616824805736542, -0.2616824805736542, -0.2616824805736542, -0.2616824805736542, -0.2616824805736542, -0.2616824805736542, -0.2616824805736542, -0.2616824805736542, -0.2616824805736542, -0.23567460477352142, -0.23567460477352142, -0.23567460477352142, -0.23567460477352142, -0.23567460477352142, -0.23567460477352142, -0.23567460477352142, -0.23567460477352142, -0.23567460477352142, -0.23567460477352142, -0.23567460477352142, -0.23567460477352142, -0.23567460477352142, -0.23567460477352142, -0.23567460477352142, -0.23567460477352142, -0.23567460477352142, -0.23567460477352142, -0.23567460477352142, -0.23567460477352142, -0.23567460477352142, -0.23567460477352142, -0.23567460477352142, -0.23567460477352142, -0.23157311975955963, -0.23157311975955963, -0.23157311975955963, -0.23157311975955963, -0.23157311975955963, -0.23157311975955963, -0.23157311975955963, -0.23157311975955963, -0.23157311975955963, -0.23157311975955963, -0.23157311975955963, -0.23157311975955963, -0.20764294266700745, -0.20764294266700745, -0.20764294266700745, -0.20764294266700745, -0.20764294266700745, -0.20764294266700745, -0.20764294266700745, -0.20764294266700745, -0.20764294266700745, -0.20500609278678894, -0.20500609278678894, -0.20500609278678894, -0.20500609278678894, -0.20500609278678894, -0.20500609278678894, -0.20500609278678894, -0.20500609278678894, -0.20500609278678894, -0.20500609278678894, -0.1975705921649933, -0.15189339220523834, -0.15189339220523834, -0.15189339220523834, -0.15189339220523834, -0.15189339220523834, -0.15189339220523834, -0.15189339220523834, -0.15189339220523834, -0.15189339220523834, -0.15189339220523834, -0.15189339220523834, -0.15189339220523834, -0.15189339220523834, -0.15189339220523834, -0.15189339220523834, -0.15189339220523834, -0.15189339220523834, -0.15189339220523834, -0.15189339220523834, -0.15189339220523834, -0.14645688235759735, -0.14645688235759735, -0.14645688235759735, -0.14645688235759735, -0.14645688235759735, -0.14645688235759735, -0.14645688235759735, -0.14645688235759735, -0.14645688235759735, -0.14645688235759735, -0.14645688235759735, -0.14645688235759735, -0.14645688235759735, -0.14645688235759735, -0.14645688235759735, -0.14645688235759735, -0.14645688235759735, -0.14645688235759735, -0.14645688235759735, -0.14645688235759735, -0.14645688235759735, -0.14645688235759735, -0.14645688235759735, -0.14645688235759735, -0.14645688235759735, -0.14645688235759735, -0.14645688235759735, -0.14645688235759735, -0.14645688235759735, -0.14645688235759735, -0.14645688235759735, -0.14645688235759735, -0.14645688235759735, -0.14645688235759735, -0.14645688235759735, -0.14645688235759735, -0.14645688235759735, -0.14645688235759735, -0.14645688235759735, -0.14645688235759735, -0.14356651902198792, -0.14356651902198792, -0.14356651902198792, -0.14356651902198792, -0.14356651902198792, -0.14356651902198792, -0.14356651902198792, -0.14356651902198792, -0.14356651902198792, -0.14356651902198792, -0.14356651902198792, -0.14356651902198792, -0.14356651902198792, -0.14356651902198792, -0.14356651902198792, -0.14356651902198792, -0.14356651902198792, -0.14356651902198792, -0.14356651902198792, -0.14356651902198792]]}