{"time": [[0.0, 0.0, 0.0, 0.0, 0.0, 0.0, 0.0, 0.0, 0.0, 0.0, 0.0, 0.0, 0.0, 0.0, 0.0, 0.0, 0.0, 0.0, 0.0, 0.0, 0.0, 0.0, 0.0, 0.0, 0.0, 0.0, 0.0, 0.0, 0.0, 0.0, 0.0, 0.0, 0.0, 0.0, 0.0, 0.0, 0.0, 0.0, 0.0, 0.0, 0.0, 0.0, 0.0, 0.0, 0.0, 0.0, 0.0, 0.0, 0.0, 0.0, 251.44435016438365, 269.7722645252943, 265.4076394289732, 250.40340603888035, 254.47289864905179, 264.0432408694178, 251.9434483423829, 250.2112399060279, 257.91959393396974, 259.93438117951155, 252.41996335983276, 252.00860500894487, 261.89218252152205, 249.7602773718536, 254.72699911519885, 253.49505931325257, 252.235251493752, 250.73426322638988, 253.69376292079687, 248.02770530432463, 17773.298979526386, 249.22248298861086, 249.98104812391102, 250.38464075140655, 248.62321504205465, 249.12540734373033, 248.76271600089967, 251.22598624415696, 253.85678143799305, 268.8389041479677, 252.79534060135484, 250.82955593802035, 250.63258211687207, 251.33061812259257, 252.37820339016616, 254.72153163142502, 255.3586664777249, 249.71159274876118, 250.4311899896711, 249.96281812898815, 22907.39838705957, 252.884951364249, 249.899800658226, 256.1320049352944, 266.71830964647233, 261.09721045568585, 251.33583732694387, 250.77321785874665, 259.4103007167578, 267.09483860619366, 264.7701252643019, 268.0538127515465, 278.07002578116953, 267.78415444120765, 268.0377615019679, 259.59737697802484, 264.05858128517866, 264.8207339886576, 264.1891375910491, 264.62149992212653, 29669.829208819196, 266.8380055781454, 269.03366630896926, 266.236188640818, 264.5896828752011, 266.26262860931456, 260.4976991061121, 268.9716487005353, 266.50850648991764, 265.4188802614808, 265.83167427405715, 258.4232309386134, 265.84536287002265, 266.2903466131538, 260.3578752800822, 263.13320770673454, 270.3023792617023, 274.01304370723665, 269.4730502832681, 265.6630411427468, 35001.75348072499, 275.0114055611193, 278.2915870305151, 277.04408637434244, 274.7676691170782, 269.69193835556507, 278.0620577596128, 270.69335457496345, 274.1877728160471, 276.93608483858407, 279.887537792325, 269.2988006398082, 277.38662112504244, 279.7719426751137, 274.55280059203506, 272.3495623078197, 271.3965888954699, 263.10777106136084, 276.8520716316998, 268.21504685655236]], "objmaxvalue": [[-0.246979221701622, -0.246979221701622, -0.246979221701622, -0.246979221701622, -0.246979221701622, -0.246979221701622, -0.246979221701622, -0.246979221701622, -0.246979221701622, -0.246979221701622, -0.246979221701622, -0.246979221701622, -0.246979221701622, -0.246979221701622, -0.246979221701622, -0.24225494265556335, -0.24225494265556335, -0.24225494265556335, -0.24225494265556335, -0.24225494265556335, -0.23118199408054352, -0.23118199408054352, -0.23118199408054352, -0.23118199408054352, -0.23118199408054352, -0.23118199408054352, -0.23118199408054352, -0.2229991853237152, -0.2229991853237152, -0.2229991853237152, -0.2229991853237152, -0.2229991853237152, -0.2229991853237152, -0.2229991853237152, -0.2229991853237152, -0.2229991853237152, -0.2229991853237152, -0.2229991853237152, -0.2229991853237152, -0.2229991853237152, -0.2229991853237152, -0.2229991853237152, -0.2229991853237152, -0.2229991853237152, -0.2229991853237152, -0.2229991853237152, -0.2229991853237152, -0.2229991853237152, -0.2229991853237152, -0.2229991853237152, -0.2229991853237152, -0.18893426656723022, -0.18893426656723022, -0.18893426656723022, -0.18893426656723022, -0.18893426656723022, -0.18893426656723022, -0.18840789794921875, -0.18774588406085968, -0.18774588406085968, -0.18774588406085968, -0.18774588406085968, -0.18774588406085968, -0.18774588406085968, -0.18774588406085968, -0.18774588406085968, -0.18774588406085968, -0.1873491406440735, -0.16638657450675964, -0.16638657450675964, -0.15136797726154327, -0.15136797726154327, -0.15136797726154327, -0.15136797726154327, -0.15136797726154327, -0.15136797726154327, -0.15136797726154327, -0.15136797726154327, -0.15136797726154327, -0.15136797726154327, -0.15136797726154327, -0.15136797726154327, -0.15136797726154327, -0.15136797726154327, -0.15136797726154327, -0.15136797726154327, -0.15136797726154327, -0.15136797726154327, -0.15136797726154327, -0.15136797726154327, -0.15081782639026642, -0.15081782639026642, -0.15081782639026642, -0.15081782639026642, -0.15081782639026642, -0.15081782639026642, -0.15081782639026642, -0.15081782639026642, -0.15081782639026642, -0.15081782639026642, -0.15081782639026642, -0.15081782639026642, -0.15081782639026642, -0.15081782639026642, -0.15081782639026642, -0.15081782639026642, -0.15081782639026642, -0.15081782639026642, -0.15081782639026642, -0.15081782639026642, -0.14400386810302734, -0.14400386810302734, -0.14400386810302734, -0.14400386810302734, -0.14400386810302734, -0.14400386810302734, -0.14400386810302734, -0.14400386810302734, -0.14400386810302734, -0.14400386810302734, -0.14400386810302734, -0.14400386810302734, -0.14400386810302734, -0.14400386810302734, -0.14400386810302734, -0.14400386810302734, -0.14400386810302734, -0.14400386810302734, -0.14400386810302734, -0.14400386810302734, -0.14400386810302734, -0.14400386810302734, -0.14400386810302734, -0.14400386810302734, -0.14400386810302734, -0.14400386810302734, -0.14400386810302734, -0.14400386810302734, -0.14400386810302734, -0.14400386810302734, -0.14400386810302734, -0.14400386810302734, -0.14400386810302734, -0.14400386810302734, -0.14400386810302734, -0.14400386810302734, -0.14400386810302734, -0.14400386810302734, -0.14400386810302734, -0.14400386810302734]]}