{"time": [[0.0, 0.0, 0.0, 0.0, 0.0, 0.0, 0.0, 0.0, 0.0, 0.0, 0.0, 0.0, 0.0, 0.0, 0.0, 0.0, 0.0, 0.0, 0.0, 0.0, 0.0, 0.0, 0.0, 0.0, 0.0, 0.0, 0.0, 0.0, 0.0, 0.0, 0.0, 0.0, 0.0, 0.0, 0.0, 0.0, 0.0, 0.0, 0.0, 0.0, 0.0, 0.0, 0.0, 0.0, 0.0, 0.0, 0.0, 0.0, 0.0, 0.0, 162.05120760574937, 163.5751992603764, 162.12154952809215, 162.15766383055598, 161.96414754353464, 165.13898169156164, 163.14369612000883, 162.4450951386243, 163.21921362169087, 164.7024773163721, 163.67176683060825, 162.1094018323347, 161.9565041232854, 162.33095841109753, 162.47251392062753, 166.0233999416232, 159.58343188930303, 162.9764394806698, 163.70683901105076, 159.1368510061875, 11443.373307646252, 164.08903930801898, 160.0558664156124, 165.79015620425344, 165.95116075966507, 162.96818427741528, 159.96215935889632, 165.14820110891014, 161.04167816694826, 163.49834670126438, 162.77061822172254, 161.63196348398924, 161.0019090762362, 158.8718036264181, 162.9766565337777, 160.88509658444673, 160.273784795776, 159.44598283059895, 162.94098324887455, 168.63258730899543, 14600.946239414625, 160.50961089041084, 162.3076868262142, 155.02738654240966, 147.78814930748194, 152.4320051651448, 150.21214581653476, 152.95957747194916, 151.6365275485441, 149.98936867993325, 145.9082643976435, 150.83703977335244, 149.17524846456945, 154.21504111681134, 147.17281011398882, 153.34587057493627, 147.84192769881338, 152.4206300927326, 151.25727459415793, 156.00466143433005, 16709.87724089995, 152.1577506745234, 152.66866830177605, 147.89278727862984, 151.98210908751935, 151.5908327549696, 149.72414064314216, 151.2325917808339, 151.481342215091, 155.26627435628325, 148.52537251543254, 149.56932950019836, 149.00509378220886, 150.76157142966986, 151.42651887517422, 151.09349116124213, 148.18963458389044, 152.53887562733144, 150.82237122394145, 152.66539764683694, 19702.988398012705, 148.08186996076256, 153.56674688588828, 150.46959978342056, 146.0101248268038, 150.2342433547601, 149.44323055818677, 148.87485719379038, 149.31930913869292, 148.90494999662042, 149.64475892856717, 149.05039568059146, 150.46474225074053, 154.26998760271817, 150.36895377654582, 148.0384523672983, 148.67710867431015, 148.85261514410377, 150.1585165616125, 149.47419891133904]], "objmaxvalue": [[-0.23522193729877472, -0.23522193729877472, -0.23522193729877472, -0.23522193729877472, -0.23522193729877472, -0.23522193729877472, -0.22042995691299438, -0.22042995691299438, -0.22042995691299438, -0.22042995691299438, -0.22042995691299438, -0.22042995691299438, -0.22042995691299438, -0.22042995691299438, -0.22042995691299438, -0.22042995691299438, -0.22042995691299438, -0.22042995691299438, -0.22042995691299438, -0.22042995691299438, -0.22042995691299438, -0.22042995691299438, -0.22042995691299438, -0.22042995691299438, -0.22042995691299438, -0.22042995691299438, -0.22042995691299438, -0.22042995691299438, -0.22042995691299438, -0.22042995691299438, -0.22042995691299438, -0.22042995691299438, -0.22042995691299438, -0.22042995691299438, -0.22042995691299438, -0.22042995691299438, -0.22042995691299438, -0.22042995691299438, -0.22042995691299438, -0.22042995691299438, -0.22042995691299438, -0.22042995691299438, -0.22042995691299438, -0.22042995691299438, -0.22042995691299438, -0.22042995691299438, -0.22042995691299438, -0.22042995691299438, -0.22042995691299438, -0.22042995691299438, -0.2022254765033722, -0.2022254765033722, -0.2022254765033722, -0.2022254765033722, -0.1925278604030609, -0.1925278604030609, -0.1925278604030609, -0.1925278604030609, -0.1925278604030609, -0.1925278604030609, -0.1925278604030609, -0.1925278604030609, -0.1925278604030609, -0.1925278604030609, -0.1925278604030609, -0.1895294040441513, -0.1895294040441513, -0.1895294040441513, -0.1895294040441513, -0.1895294040441513, -0.14874720573425293, -0.14874720573425293, -0.14874720573425293, -0.14874720573425293, -0.14874720573425293, -0.14874720573425293, -0.14874720573425293, -0.14874720573425293, -0.14874720573425293, -0.14874720573425293, -0.14874720573425293, -0.14874720573425293, -0.14874720573425293, -0.14874720573425293, -0.14874720573425293, -0.14874720573425293, -0.14874720573425293, -0.14874720573425293, -0.14874720573425293, -0.14874720573425293, -0.1485714465379715, -0.1485714465379715, -0.1485714465379715, -0.1485714465379715, -0.1485714465379715, -0.1485714465379715, -0.1485714465379715, -0.1485714465379715, -0.1485714465379715, -0.1485714465379715, -0.1485714465379715, -0.1485714465379715, -0.1485714465379715, -0.1485714465379715, -0.1485714465379715, -0.1485714465379715, -0.1485714465379715, -0.1485714465379715, -0.1485714465379715, -0.1485714465379715, -0.14206504821777344, -0.14206504821777344, -0.14206504821777344, -0.14206504821777344, -0.14206504821777344, -0.14206504821777344, -0.14206504821777344, -0.14206504821777344, -0.14206504821777344, -0.14206504821777344, -0.14206504821777344, -0.14206504821777344, -0.14206504821777344, -0.14206504821777344, -0.14206504821777344, -0.14206504821777344, -0.14206504821777344, -0.14206504821777344, -0.14206504821777344, -0.14206504821777344, -0.14206504821777344, -0.14206504821777344, -0.14206504821777344, -0.14206504821777344, -0.14206504821777344, -0.14206504821777344, -0.14206504821777344, -0.14206504821777344, -0.14206504821777344, -0.14206504821777344, -0.14206504821777344, -0.14206504821777344, -0.14206504821777344, -0.14206504821777344, -0.14206504821777344, -0.14206504821777344, -0.14206504821777344, -0.14206504821777344, -0.14206504821777344, -0.14206504821777344]]}