{"time": [[0.0, 0.0, 0.0, 0.0, 0.0, 0.0, 0.0, 0.0, 0.0, 0.0, 0.0, 0.0, 0.0, 0.0, 0.0, 0.0, 0.0, 0.0, 0.0, 0.0, 0.0, 0.0, 0.0, 0.0, 0.0, 0.0, 0.0, 0.0, 0.0, 0.0, 0.0, 0.0, 0.0, 0.0, 0.0, 0.0, 0.0, 0.0, 0.0, 0.0, 0.0, 0.0, 0.0, 0.0, 0.0, 0.0, 0.0, 0.0, 0.0, 0.0, 161.90910215489566, 163.87234101630747, 161.39910484384745, 163.10198692418635, 159.06149329431355, 163.17994932178408, 164.51371379662305, 163.09582245536149, 162.10769673716277, 162.8387201251462, 163.64879505056888, 163.2445297371596, 165.15915587358177, 162.28276416193694, 161.1247779643163, 164.11890542134643, 164.57688399590552, 160.90382859110832, 164.06593327783048, 165.43397702276707, 11450.763764281757, 163.959331670776, 167.88597161788493, 161.98278910666704, 161.10947900265455, 163.03049818705767, 158.4211570750922, 161.567605051212, 160.6426430940628, 163.79400061629713, 168.3528757225722, 159.32015758939087, 161.53046760428697, 161.18257369939238, 166.1841905992478, 161.14854402374476, 160.33374599274248, 154.97758379485458, 166.87414063885808, 158.77083556354046, 14719.707919990644, 159.1129515422508, 159.0696858400479, 159.1933785462752, 158.35442111827433, 163.09410059358925, 160.5132449241355, 169.755356724374, 162.0535279577598, 168.09960631933063, 158.77063137385994, 157.30126980599016, 160.81501583289355, 159.91516422480345, 159.944922151044, 157.7825642582029, 158.7678767265752, 166.75611567962915, 160.1514154439792, 163.27518113143742, 17878.628807740286, 161.15308882202953, 163.95833327248693, 160.25803845748305, 162.29226085916162, 158.2996034147218, 167.7722147917375, 159.5857305880636, 157.44654273428023, 166.39164813701063, 158.7621490880847, 160.87936160620302, 164.8118192795664, 157.94568177871406, 156.90534234140068, 167.9238744005561, 164.24185409210622, 159.96541984565556, 168.93322628829628, 160.51665792800486, 21109.42011670582, 158.39323391020298, 161.96107072755694, 166.65630410145968, 158.40509951580316, 164.81450598221272, 161.5115587618202, 162.66672839596868, 166.1920357644558, 163.81895938236266, 164.26275643520057, 164.69548767246306, 165.96840168070048, 167.08768340665847, 163.3402051096782, 162.97484101634473, 164.96392958704382, 164.1578198382631, 162.50231317617, 162.76819640398026]], "objmaxvalue": [[-0.2888256013393402, -0.28138968348503113, -0.28138968348503113, -0.27672919631004333, -0.27672919631004333, -0.2648647427558899, -0.2644195854663849, -0.2644195854663849, -0.2644195854663849, -0.2624516189098358, -0.2624516189098358, -0.2610342502593994, -0.2422739416360855, -0.2422739416360855, -0.2422739416360855, -0.2422739416360855, -0.2422739416360855, -0.2422739416360855, -0.2422739416360855, -0.2422739416360855, -0.2422739416360855, -0.2422739416360855, -0.2422739416360855, -0.2422739416360855, -0.2422739416360855, -0.2422739416360855, -0.23885692656040192, -0.23885692656040192, -0.23885692656040192, -0.23885692656040192, -0.23885692656040192, -0.23885692656040192, -0.23885692656040192, -0.23885692656040192, -0.23885692656040192, -0.23885692656040192, -0.23885692656040192, -0.23885692656040192, -0.23885692656040192, -0.23885692656040192, -0.23885692656040192, -0.23885692656040192, -0.23885692656040192, -0.23885692656040192, -0.23885692656040192, -0.23885692656040192, -0.23885692656040192, -0.23885692656040192, -0.23885692656040192, -0.23885692656040192, -0.18166795372962952, -0.17220285534858704, -0.17220285534858704, -0.16675423085689545, -0.16675423085689545, -0.16675423085689545, -0.16675423085689545, -0.1632479429244995, -0.1632479429244995, -0.1632479429244995, -0.1632479429244995, -0.1632479429244995, -0.16065020859241486, -0.16065020859241486, -0.16065020859241486, -0.16065020859241486, -0.16065020859241486, -0.16065020859241486, -0.16065020859241486, -0.16065020859241486, -0.14281094074249268, -0.14281094074249268, -0.14281094074249268, -0.14281094074249268, -0.14281094074249268, -0.14281094074249268, -0.14281094074249268, -0.14281094074249268, -0.14281094074249268, -0.14281094074249268, -0.14281094074249268, -0.14281094074249268, -0.14281094074249268, -0.14281094074249268, -0.14281094074249268, -0.14281094074249268, -0.14281094074249268, -0.14281094074249268, -0.14281094074249268, -0.14281094074249268, -0.14281094074249268, -0.14281094074249268, -0.14281094074249268, -0.14281094074249268, -0.14281094074249268, -0.14281094074249268, -0.14281094074249268, -0.14281094074249268, -0.14281094074249268, -0.14281094074249268, -0.14281094074249268, -0.14281094074249268, -0.14281094074249268, -0.14281094074249268, -0.14281094074249268, -0.14281094074249268, -0.14281094074249268, -0.14281094074249268, -0.14281094074249268, -0.14281094074249268, -0.14226843416690826, -0.14226843416690826, -0.14226843416690826, -0.14226843416690826, -0.14226843416690826, -0.14226843416690826, -0.14226843416690826, -0.14226843416690826, -0.14226843416690826, -0.14226843416690826, -0.14226843416690826, -0.14226843416690826, -0.14226843416690826, -0.14226843416690826, -0.14226843416690826, -0.14226843416690826, -0.14226843416690826, -0.14226843416690826, -0.14226843416690826, -0.14226843416690826, -0.1407237946987152, -0.1407237946987152, -0.1407237946987152, -0.1407237946987152, -0.1407237946987152, -0.1407237946987152, -0.1407237946987152, -0.1407237946987152, -0.1407237946987152, -0.1407237946987152, -0.1407237946987152, -0.1407237946987152, -0.1407237946987152, -0.1407237946987152, -0.1407237946987152, -0.1407237946987152, -0.1407237946987152, -0.1407237946987152, -0.1407237946987152, -0.1407237946987152]]}