{"time": [[0.0, 0.0, 0.0, 0.0, 0.0, 0.0, 0.0, 0.0, 0.0, 0.0, 0.0, 0.0, 0.0, 0.0, 0.0, 0.0, 0.0, 0.0, 0.0, 0.0, 0.0, 0.0, 0.0, 0.0, 0.0, 0.0, 0.0, 0.0, 0.0, 0.0, 0.0, 0.0, 0.0, 0.0, 0.0, 0.0, 0.0, 0.0, 0.0, 0.0, 0.0, 0.0, 0.0, 0.0, 0.0, 0.0, 0.0, 0.0, 0.0, 0.0, 160.68540281243622, 162.74981589149684, 156.95037811156362, 160.74959059618413, 160.0612573530525, 158.9734312724322, 160.22693181969225, 158.87782430835068, 159.81640440039337, 156.93044308386743, 164.01812900230289, 163.73359290510416, 160.5815443843603, 160.53993101604283, 160.77272538281977, 161.78809540718794, 159.4638167154044, 160.10595337487757, 158.49461844190955, 160.41017320379615, 11261.090494515374, 157.76638031378388, 168.14790356718004, 157.0961218867451, 156.63973290286958, 165.17394603602588, 159.36639729514718, 160.4847409594804, 160.5139543171972, 160.9700358994305, 168.88848265260458, 156.91661066748202, 158.69069410674274, 156.90911503136158, 159.57651660777628, 156.24420013464987, 158.82280813902617, 164.2937177233398, 160.04936294443905, 159.72619353234768, 14404.436841594055, 159.23285042122006, 154.6021558213979, 159.06749531812966, 165.36318083666265, 156.95659329928458, 157.20090086385608, 158.26270370930433, 161.53905989788473, 160.761172587052, 167.87306823022664, 165.08426157012582, 161.60682412981987, 154.81286793388426, 157.50872926041484, 159.79217583313584, 164.2889752909541, 159.92989006638527, 156.64389155060053, 159.0043450370431, 19490.881699366495, 177.73208156973124, 177.11225068569183, 175.2435216344893, 177.6770518887788, 174.95121974125504, 174.69601841270924, 176.54630739241838, 177.9517742060125, 174.2541497964412, 179.75843618810177, 188.89059887826443, 197.8068047631532, 187.55789482593536, 181.5094411559403, 181.22496267221868, 180.53747409954667, 184.95106663182378, 176.48704187385738, 184.59983198530972, 23364.84090599604, 180.43968281708658, 179.5418627113104, 176.60317955724895, 178.80054846219718, 176.15622146613896, 174.40541120432317, 180.03586532734334, 170.4592172075063, 179.34428651630878, 184.93909678794444, 184.07206672243774, 180.49550409056246, 184.648162368685, 182.0359354186803, 181.31249413266778, 174.1267823278904, 188.61860215477645, 180.5055358428508, 182.50419170223176]], "objmaxvalue": [[-0.29333600401878357, -0.2900869846343994, -0.2900869846343994, -0.25272101163864136, -0.25272101163864136, -0.25272101163864136, -0.25272101163864136, -0.24139069020748138, -0.24139069020748138, -0.24139069020748138, -0.24139069020748138, -0.24139069020748138, -0.24139069020748138, -0.24139069020748138, -0.24139069020748138, -0.24139069020748138, -0.24139069020748138, -0.24139069020748138, -0.24139069020748138, -0.24139069020748138, -0.24139069020748138, -0.24139069020748138, -0.24139069020748138, -0.24139069020748138, -0.24139069020748138, -0.24139069020748138, -0.24139069020748138, -0.24139069020748138, -0.24139069020748138, -0.24139069020748138, -0.24139069020748138, -0.24139069020748138, -0.24139069020748138, -0.24139069020748138, -0.24139069020748138, -0.24139069020748138, -0.24139069020748138, -0.24139069020748138, -0.24139069020748138, -0.24139069020748138, -0.24139069020748138, -0.24139069020748138, -0.24139069020748138, -0.24139069020748138, -0.24139069020748138, -0.24139069020748138, -0.24139069020748138, -0.24139069020748138, -0.24139069020748138, -0.23852050304412842, -0.17676715552806854, -0.176320418715477, -0.16428038477897644, -0.16428038477897644, -0.16428038477897644, -0.16428038477897644, -0.16428038477897644, -0.16428038477897644, -0.16428038477897644, -0.16428038477897644, -0.15806499123573303, -0.15806499123573303, -0.15806499123573303, -0.15806499123573303, -0.15806499123573303, -0.15607385337352753, -0.15607385337352753, -0.15607385337352753, -0.15607385337352753, -0.15607385337352753, -0.14514128863811493, -0.14514128863811493, -0.14514128863811493, -0.14514128863811493, -0.14514128863811493, -0.14514128863811493, -0.14514128863811493, -0.14514128863811493, -0.14514128863811493, -0.14514128863811493, -0.14514128863811493, -0.14514128863811493, -0.14514128863811493, -0.14514128863811493, -0.14514128863811493, -0.14514128863811493, -0.14514128863811493, -0.14514128863811493, -0.14514128863811493, -0.14514128863811493, -0.13895556330680847, -0.13895556330680847, -0.13895556330680847, -0.13895556330680847, -0.13895556330680847, -0.13895556330680847, -0.13895556330680847, -0.13895556330680847, -0.13895556330680847, -0.13895556330680847, -0.13895556330680847, -0.13895556330680847, -0.13895556330680847, -0.13895556330680847, -0.13895556330680847, -0.13895556330680847, -0.13895556330680847, -0.13895556330680847, -0.13895556330680847, -0.13895556330680847, -0.13895556330680847, -0.13895556330680847, -0.13895556330680847, -0.13895556330680847, -0.13895556330680847, -0.13895556330680847, -0.13895556330680847, -0.13895556330680847, -0.13895556330680847, -0.13895556330680847, -0.13895556330680847, -0.13895556330680847, -0.13895556330680847, -0.13895556330680847, -0.13895556330680847, -0.13895556330680847, -0.13895556330680847, -0.13895556330680847, -0.13895556330680847, -0.13895556330680847, -0.13895556330680847, -0.13895556330680847, -0.13895556330680847, -0.13895556330680847, -0.13895556330680847, -0.13895556330680847, -0.13895556330680847, -0.13895556330680847, -0.13895556330680847, -0.13895556330680847, -0.13895556330680847, -0.13895556330680847, -0.13895556330680847, -0.13895556330680847, -0.13895556330680847, -0.13895556330680847, -0.13895556330680847, -0.13895556330680847, -0.13895556330680847, -0.13895556330680847]]}