{"time": [[0.0, 0.0, 0.0, 0.0, 0.0, 0.0, 0.0, 0.0, 0.0, 0.0, 0.0, 0.0, 0.0, 0.0, 0.0, 0.0, 0.0, 0.0, 0.0, 0.0, 0.0, 0.0, 0.0, 0.0, 0.0, 0.0, 0.0, 0.0, 0.0, 0.0, 0.0, 0.0, 0.0, 0.0, 0.0, 0.0, 0.0, 0.0, 0.0, 0.0, 0.0, 0.0, 0.0, 0.0, 0.0, 0.0, 0.0, 0.0, 0.0, 0.0, 159.84205534495413, 169.86451244913042, 159.25587862730026, 160.11748524568975, 161.94721434265375, 167.22522248513997, 161.8831290062517, 161.57577422074974, 159.53172991238534, 166.27304476685822, 164.4785535261035, 159.9978924971074, 162.84508301503956, 160.71327029541135, 166.50655411742628, 163.1251330729574, 167.42617472074926, 162.63429784029722, 167.8265090174973, 166.16596531122923, 11620.77588855289, 165.52570899948478, 166.83120125718415, 160.61445024050772, 163.36386381275952, 164.12803804129362, 163.9153634980321, 162.2091207653284, 167.59229220077395, 162.16998520866036, 161.7749289330095, 165.84009594842792, 162.88563911244273, 161.57119131460786, 160.5869805123657, 167.22228936105967, 163.73185286670923, 164.18470230139792, 161.76768657937646, 167.00590392760932, 14769.54664355889, 166.1858913283795, 167.7658649981022, 165.34026404470205, 165.19100591540337, 165.06538736075163, 165.915592527017, 162.25030570849776, 166.18904299847782, 160.94452660530806, 171.9798304475844, 165.00155495852232, 164.73549362644553, 167.3991661593318, 164.01456522382796, 171.36746992357075, 164.9423625599593, 164.36618409492075, 158.3726715464145, 163.20215446315706, 17928.816168012097, 156.181174332276, 164.44530708529055, 162.40249324776232, 158.09952661581337, 165.62735900096595, 160.76699446700513, 170.0591623261571, 167.52307802066207, 164.15209652669728, 161.82259276136756, 161.99490195512772, 167.99571635201573, 162.20973511226475, 163.62406410090625, 169.05451623909175, 163.74075042828918, 162.7247402239591, 165.37132024765015, 164.77513574250042, 21452.178721291944, 163.19804636575282, 163.95780698023736, 160.85204546526074, 166.0562336295843, 167.7544680070132, 163.1998013947159, 164.71249092556536, 159.08648794330657, 164.82831940986216, 168.69677004404366, 160.802616013214, 164.7294732723385, 167.0582050383091, 165.6913547348231, 167.99367594718933, 167.91480421088636, 169.95869878679514, 163.28311244398355, 160.04055712930858]], "objmaxvalue": [[-0.25636571645736694, -0.25636571645736694, -0.25636571645736694, -0.25636571645736694, -0.25636571645736694, -0.25636571645736694, -0.25636571645736694, -0.25636571645736694, -0.25507718324661255, -0.25507718324661255, -0.2535158097743988, -0.24308858811855316, -0.24308858811855316, -0.24308858811855316, -0.24308858811855316, -0.24308858811855316, -0.24308858811855316, -0.23781725764274597, -0.23781725764274597, -0.23781725764274597, -0.23781725764274597, -0.23781725764274597, -0.23781725764274597, -0.23781725764274597, -0.23781725764274597, -0.2363748401403427, -0.2363748401403427, -0.2363748401403427, -0.2363748401403427, -0.2363748401403427, -0.2363748401403427, -0.2363748401403427, -0.2363748401403427, -0.2363748401403427, -0.2363748401403427, -0.2363748401403427, -0.2363748401403427, -0.2363748401403427, -0.2363748401403427, -0.2363748401403427, -0.2363748401403427, -0.2363748401403427, -0.2363748401403427, -0.2363748401403427, -0.2363748401403427, -0.2363748401403427, -0.2363748401403427, -0.2363748401403427, -0.2363748401403427, -0.22205299139022827, -0.16805413365364075, -0.16805413365364075, -0.1510324627161026, -0.1510324627161026, -0.1510324627161026, -0.1510324627161026, -0.1510324627161026, -0.1510324627161026, -0.1510324627161026, -0.1510324627161026, -0.1510324627161026, -0.1510324627161026, -0.1510324627161026, -0.1510324627161026, -0.1510324627161026, -0.1510324627161026, -0.1510324627161026, -0.1510324627161026, -0.1510324627161026, -0.1510324627161026, -0.14841622114181519, -0.14841622114181519, -0.14841622114181519, -0.14841622114181519, -0.14841622114181519, -0.14841622114181519, -0.14841622114181519, -0.14841622114181519, -0.14841622114181519, -0.14841622114181519, -0.14841622114181519, -0.14841622114181519, -0.14841622114181519, -0.14841622114181519, -0.14841622114181519, -0.14841622114181519, -0.14841622114181519, -0.14841622114181519, -0.14841622114181519, -0.14841622114181519, -0.14103052020072937, -0.14103052020072937, -0.14103052020072937, -0.14103052020072937, -0.14103052020072937, -0.14103052020072937, -0.14103052020072937, -0.14103052020072937, -0.14103052020072937, -0.14103052020072937, -0.14103052020072937, -0.14103052020072937, -0.14103052020072937, -0.14103052020072937, -0.14103052020072937, -0.14103052020072937, -0.14103052020072937, -0.14103052020072937, -0.14103052020072937, -0.14103052020072937, -0.1363474428653717, -0.1363474428653717, -0.1363474428653717, -0.1363474428653717, -0.1363474428653717, -0.1363474428653717, -0.1363474428653717, -0.1363474428653717, -0.1363474428653717, -0.1363474428653717, -0.1363474428653717, -0.1363474428653717, -0.1363474428653717, -0.1363474428653717, -0.1363474428653717, -0.1363474428653717, -0.1363474428653717, -0.1363474428653717, -0.1363474428653717, -0.1363474428653717, -0.1363474428653717, -0.1363474428653717, -0.1363474428653717, -0.1363474428653717, -0.1363474428653717, -0.1363474428653717, -0.1363474428653717, -0.1363474428653717, -0.1363474428653717, -0.1363474428653717, -0.1363474428653717, -0.1363474428653717, -0.1363474428653717, -0.1363474428653717, -0.1363474428653717, -0.1363474428653717, -0.1363474428653717, -0.1363474428653717, -0.1363474428653717, -0.1363474428653717]]}