{"time": [[0.0, 0.0, 0.0, 0.0, 0.0, 0.0, 0.0, 0.0, 0.0, 0.0, 0.0, 0.0, 0.0, 0.0, 0.0, 0.0, 0.0, 0.0, 0.0, 0.0, 164.9029617086053, 163.20814813114703, 161.34237261116505, 162.82073825411499, 165.2313251439482, 160.81951143033803, 164.21841865591705, 164.5715371593833, 160.67372522875667, 160.43323952890933, 162.41896638832986, 165.5839410405606, 165.5940689574927, 160.87071045860648, 161.7632997855544, 158.3815624844283, 159.7095532696694, 162.9991926830262, 162.72784886322916, 166.9067944586277, 6693.380990544334, 166.18840682134032, 164.16517511755228, 163.6849054172635, 160.66145985759795, 163.09448388405144, 164.7983819860965, 166.0900919046253, 161.53322578407824, 161.42365580238402, 168.3585504256189, 165.6892519183457, 165.04174623824656, 162.97963692247868, 158.69656845927238, 160.35732078365982, 159.94656789302826, 164.23810942657292, 166.5083284880966, 162.64943359047174, 10033.542593829334, 160.9012127034366, 168.43908510915935, 167.22115666233003, 163.06585412845016, 166.68110804073513, 160.67520212568343, 162.06329932436347, 166.2578375004232, 162.8921189084649, 166.26276127807796, 163.7485177591443, 161.71938966214657, 165.50890203937888, 163.1678375620395, 163.59766016714275, 164.04364890418947, 162.1481590643525, 168.58864493854344, 164.43922519683838, 13192.178438898176, 168.51762100495398, 161.25355699285865, 165.86495917476714, 164.677201686427, 163.03196687623858, 163.232140770182, 163.16108410060406, 159.1350207645446, 166.2526307553053, 168.83711279928684, 165.6908100079745, 164.9559670034796, 167.66832103580236, 164.28959374688566, 165.42585453763604, 168.35745638422668, 169.66646144352853, 164.59087056294084, 165.2041481025517, 16640.709907323122, 164.5728948842734, 165.3584390450269, 164.20883004553616, 160.28452627174556, 171.6161998938769, 166.9305503256619, 167.08594989404082, 168.24447929300368, 166.45470777340233, 165.54015292227268, 161.57461596094072, 163.98055997863412, 165.31860532425344, 167.14959878847003, 165.42441917024553, 164.73147485218942, 163.5404040683061, 166.90660075098276, 161.76112337224185]], "objmaxvalue": [[-0.24830418825149536, -0.24830418825149536, -0.24830418825149536, -0.24830418825149536, -0.24830418825149536, -0.24830418825149536, -0.24830418825149536, -0.24830418825149536, -0.24830418825149536, -0.24830418825149536, -0.24830418825149536, -0.23984940350055695, -0.23984940350055695, -0.23984940350055695, -0.23984940350055695, -0.23984940350055695, -0.23984940350055695, -0.23984940350055695, -0.23984940350055695, -0.23984940350055695, -0.19950242340564728, -0.19950242340564728, -0.1900167465209961, -0.1900167465209961, -0.1900167465209961, -0.1900167465209961, -0.17339687049388885, -0.17339687049388885, -0.17339687049388885, -0.17339687049388885, -0.17339687049388885, -0.17339687049388885, -0.17339687049388885, -0.17339687049388885, -0.17339687049388885, -0.17339687049388885, -0.17339687049388885, -0.17339687049388885, -0.17339687049388885, -0.17339687049388885, -0.17339687049388885, -0.17339687049388885, -0.17339687049388885, -0.17339687049388885, -0.17317412793636322, -0.17317412793636322, -0.16477932035923004, -0.16477932035923004, -0.16477932035923004, -0.16477932035923004, -0.16477932035923004, -0.16477932035923004, -0.16477932035923004, -0.16477932035923004, -0.16477932035923004, -0.16477932035923004, -0.16477932035923004, -0.16477932035923004, -0.16477932035923004, -0.16477932035923004, -0.16477932035923004, -0.16477932035923004, -0.16477932035923004, -0.16477932035923004, -0.16477932035923004, -0.16477932035923004, -0.16477932035923004, -0.16477932035923004, -0.16477932035923004, -0.16477932035923004, -0.16477932035923004, -0.16477932035923004, -0.16477932035923004, -0.16477932035923004, -0.16477932035923004, -0.16477932035923004, -0.16477932035923004, -0.16477932035923004, -0.16477932035923004, -0.16477932035923004, -0.1572842001914978, -0.1572842001914978, -0.1572842001914978, -0.1572842001914978, -0.1572842001914978, -0.1572842001914978, -0.1572842001914978, -0.1572842001914978, -0.1572842001914978, -0.1572842001914978, -0.1572842001914978, -0.1572842001914978, -0.1572842001914978, -0.1572842001914978, -0.1572842001914978, -0.1572842001914978, -0.1572842001914978, -0.1572842001914978, -0.1572842001914978, -0.1572842001914978, -0.15294356644153595, -0.15294356644153595, -0.15294356644153595, -0.15294356644153595, -0.15294356644153595, -0.15294356644153595, -0.15294356644153595, -0.15294356644153595, -0.15294356644153595, -0.15294356644153595, -0.15294356644153595, -0.15294356644153595, -0.15294356644153595, -0.15294356644153595, -0.15294356644153595, -0.15294356644153595, -0.15294356644153595, -0.15294356644153595, -0.15294356644153595, -0.15294356644153595]]}