{"time": [[0.0, 0.0, 0.0, 0.0, 0.0, 0.0, 0.0, 0.0, 0.0, 0.0, 0.0, 0.0, 0.0, 0.0, 0.0, 0.0, 0.0, 0.0, 0.0, 0.0, 172.6266200169921, 164.6831782348454, 168.24539851024747, 157.68553689867258, 158.24173125065863, 159.63506687618792, 161.4437218401581, 162.18252625875175, 168.47504404559731, 157.67597412876785, 160.05364146269858, 162.21497053466737, 163.6020441353321, 171.57677229307592, 166.14505637437105, 161.93875949643552, 165.77297789044678, 163.60554316826165, 165.3473369088024, 166.6233448535204, 6677.460616771132, 166.77466564439237, 161.7481154948473, 164.4725016783923, 164.88240303844213, 163.47427150420845, 162.79779506847262, 158.88104373775423, 161.47574640624225, 161.82971161976457, 161.89635694026947, 158.93712841533124, 162.46475167013705, 161.64925311133265, 159.85263063572347, 159.68964665569365, 161.94564030319452, 159.97725261189044, 161.95956146903336, 159.0591631643474, 9963.318891670555, 160.96089879982173, 164.8905279431492, 167.82313527911901, 164.0625630673021, 163.47393736988306, 164.0254471655935, 166.18160431459546, 161.2349530439824, 164.8240565173328, 167.57417353242636, 167.4229180328548, 164.60280600003898, 167.92162331566215, 163.59388832002878, 166.43445109948516, 168.0972439199686, 164.85754964873195, 159.9362933896482, 162.3407080154866, 13350.741661185399, 167.75669146329165, 161.84001585654914, 170.3088862374425, 163.5943097602576, 164.2240232732147, 160.18318604119122, 161.6483210399747, 167.62231371738017, 159.92727419175208, 162.76064392738044, 164.4330416060984, 163.6380157303065, 164.72456906363368, 163.92602433264256, 164.0305350460112, 168.25410291552544, 164.34780279919505, 163.32664388418198, 155.80988084711134, 16467.58445942402, 161.97632693313062, 160.84589567035437, 167.45287556387484, 164.54163938388228, 164.84865483269095, 166.01948533207178, 165.48907755501568, 162.70706308819354, 166.49292608350515, 161.06342707760632, 161.74731816537678, 166.4077201206237, 159.4769800901413, 160.55019859038293, 159.79333323054016, 159.06000659801066, 162.5659681521356, 163.0528122652322, 161.66750197671354]], "objmaxvalue": [[-0.24828365445137024, -0.24828365445137024, -0.23984920978546143, -0.23984920978546143, -0.23984920978546143, -0.23984920978546143, -0.23984920978546143, -0.23984920978546143, -0.23984920978546143, -0.23984920978546143, -0.23984920978546143, -0.23984920978546143, -0.23984920978546143, -0.23984920978546143, -0.23984920978546143, -0.23984920978546143, -0.223025381565094, -0.223025381565094, -0.223025381565094, -0.223025381565094, -0.19687677919864655, -0.19687677919864655, -0.19687677919864655, -0.19687677919864655, -0.1749386489391327, -0.1749386489391327, -0.1749386489391327, -0.1749386489391327, -0.17378708720207214, -0.17378708720207214, -0.17378708720207214, -0.17378708720207214, -0.17354494333267212, -0.17354494333267212, -0.17354494333267212, -0.17354494333267212, -0.17354494333267212, -0.17354494333267212, -0.17354494333267212, -0.17354494333267212, -0.15395274758338928, -0.15395274758338928, -0.15395274758338928, -0.15395274758338928, -0.15395274758338928, -0.15395274758338928, -0.15395274758338928, -0.15395274758338928, -0.15395274758338928, -0.15395274758338928, -0.15395274758338928, -0.15395274758338928, -0.15395274758338928, -0.15395274758338928, -0.15395274758338928, -0.15395274758338928, -0.15395274758338928, -0.15395274758338928, -0.15395274758338928, -0.15395274758338928, -0.1514756977558136, -0.1514756977558136, -0.1514756977558136, -0.1514756977558136, -0.1514756977558136, -0.1514756977558136, -0.1514756977558136, -0.1514756977558136, -0.1514756977558136, -0.1514756977558136, -0.1514756977558136, -0.1514756977558136, -0.1514756977558136, -0.1514756977558136, -0.1514756977558136, -0.1514756977558136, -0.1514756977558136, -0.1514756977558136, -0.1514756977558136, -0.1514756977558136, -0.15043459832668304, -0.15043459832668304, -0.15043459832668304, -0.15043459832668304, -0.15043459832668304, -0.15043459832668304, -0.15043459832668304, -0.15043459832668304, -0.15043459832668304, -0.15043459832668304, -0.15043459832668304, -0.15043459832668304, -0.15043459832668304, -0.15043459832668304, -0.15043459832668304, -0.15043459832668304, -0.15043459832668304, -0.15043459832668304, -0.15043459832668304, -0.15043459832668304, -0.14961925148963928, -0.14961925148963928, -0.14961925148963928, -0.14961925148963928, -0.14961925148963928, -0.14961925148963928, -0.14961925148963928, -0.14961925148963928, -0.14961925148963928, -0.14961925148963928, -0.14961925148963928, -0.14961925148963928, -0.14961925148963928, -0.14961925148963928, -0.14961925148963928, -0.14961925148963928, -0.14961925148963928, -0.14961925148963928, -0.14961925148963928, -0.14961925148963928]]}