{"time": [[0.0, 0.0, 0.0, 0.0, 0.0, 0.0, 0.0, 0.0, 0.0, 0.0, 0.0, 0.0, 0.0, 0.0, 0.0, 0.0, 0.0, 0.0, 0.0, 0.0, 161.95226350426674, 160.41453605890274, 161.0382775682956, 161.6266898587346, 163.50166857987642, 162.30473014339805, 169.24331285990775, 161.5047351717949, 159.4484031125903, 159.20829160884023, 161.35897917114198, 161.20769423991442, 168.77315399236977, 163.08462327346206, 160.21736368350685, 158.2422314528376, 164.11393061839044, 153.7132154610008, 166.68978611938655, 168.33206104300916, 6755.695789417252, 166.63586339727044, 159.92163555324078, 160.84768876619637, 160.26648070290685, 162.44732915982604, 161.28686844184995, 164.6239476390183, 165.75144862942398, 160.03120933286846, 159.99486541375518, 168.27134365588427, 160.02631129324436, 163.2722494211048, 162.0922559928149, 161.77666123397648, 163.53141535446048, 163.0288963019848, 164.03124467656016, 161.40593547932804, 9889.946294888854, 162.20825532265007, 162.22452381253242, 167.78403285890818, 159.3287966158241, 165.94771726056933, 159.99326208233833, 167.72768147662282, 164.57115221209824, 161.6248488817364, 161.84561497345567, 161.91267679817975, 161.8045904133469, 167.07221523672342, 165.91994655318558, 167.5487066525966, 160.9176796786487, 161.62457957677543, 163.13993491977453, 163.18658699281514, 13179.710411809385, 160.52463914081454, 163.69284049794078, 163.70883268490434, 163.46942531317472, 163.5844478905201, 166.32859881594777, 162.42034957557917, 165.73019873909652, 167.19222488813102, 162.4850361775607, 171.52767382003367, 165.120982080698, 165.67911758087575, 168.3993124756962, 162.68816591240466, 167.8204879835248, 165.8934646230191, 161.9737780187279, 168.45368784852326, 16524.036896824837, 160.72496852092445, 163.24922606907785, 161.04740870557725, 161.89702035859227, 165.26453323289752, 166.22511252760887, 165.17328564450145, 160.72085154987872, 160.4806079287082, 161.81042438559234, 164.17627434432507, 165.4568439628929, 161.15222296491265, 163.23198571428657, 164.83024591766298, 161.74089250527322, 161.07703002169728, 164.01649441197515, 164.7074016071856]], "objmaxvalue": [[-0.2815050184726715, -0.2815050184726715, -0.24764041602611542, -0.24764041602611542, -0.24764041602611542, -0.24764041602611542, -0.24764041602611542, -0.24764041602611542, -0.24764041602611542, -0.24764041602611542, -0.24038632214069366, -0.24038632214069366, -0.24038632214069366, -0.24038632214069366, -0.24038632214069366, -0.24038632214069366, -0.24038632214069366, -0.24038632214069366, -0.24038632214069366, -0.24038632214069366, -0.16624876856803894, -0.1659572869539261, -0.1539343148469925, -0.1539343148469925, -0.1539343148469925, -0.1539343148469925, -0.1539343148469925, -0.1539343148469925, -0.1539343148469925, -0.1539343148469925, -0.1539343148469925, -0.1539343148469925, -0.1539343148469925, -0.1539343148469925, -0.1539343148469925, -0.1539343148469925, -0.1539343148469925, -0.1539343148469925, -0.1539343148469925, -0.1539343148469925, -0.1539343148469925, -0.1520499289035797, -0.1520499289035797, -0.1520499289035797, -0.1520499289035797, -0.15165019035339355, -0.15165019035339355, -0.15165019035339355, -0.15165019035339355, -0.15165019035339355, -0.15165019035339355, -0.15165019035339355, -0.15165019035339355, -0.15165019035339355, -0.15165019035339355, -0.15165019035339355, -0.15165019035339355, -0.15165019035339355, -0.15165019035339355, -0.15165019035339355, -0.15165019035339355, -0.15165019035339355, -0.15165019035339355, -0.15165019035339355, -0.15165019035339355, -0.15165019035339355, -0.15165019035339355, -0.15165019035339355, -0.15165019035339355, -0.15165019035339355, -0.15165019035339355, -0.15165019035339355, -0.15165019035339355, -0.15165019035339355, -0.15165019035339355, -0.15165019035339355, -0.15165019035339355, -0.15165019035339355, -0.15165019035339355, -0.15165019035339355, -0.15165019035339355, -0.15165019035339355, -0.15165019035339355, -0.15165019035339355, -0.15165019035339355, -0.15165019035339355, -0.15165019035339355, -0.15165019035339355, -0.15165019035339355, -0.15165019035339355, -0.15165019035339355, -0.15165019035339355, -0.15165019035339355, -0.15165019035339355, -0.15165019035339355, -0.15165019035339355, -0.15165019035339355, -0.15165019035339355, -0.15165019035339355, -0.15165019035339355, -0.15165019035339355, -0.15165019035339355, -0.15165019035339355, -0.15165019035339355, -0.15165019035339355, -0.15165019035339355, -0.15165019035339355, -0.15165019035339355, -0.15165019035339355, -0.15165019035339355, -0.15165019035339355, -0.15165019035339355, -0.15165019035339355, -0.15165019035339355, -0.15165019035339355, -0.15165019035339355, -0.15165019035339355, -0.15165019035339355, -0.15165019035339355, -0.15165019035339355]]}