{"time": [[0.0, 0.0, 0.0, 0.0, 0.0, 0.0, 0.0, 0.0, 0.0, 0.0, 0.0, 0.0, 0.0, 0.0, 0.0, 0.0, 0.0, 0.0, 0.0, 0.0, 169.31922416761518, 163.00913176871836, 168.12131523154676, 162.46072640269995, 169.68886025249958, 164.82052422501147, 159.0183249115944, 167.6793936751783, 166.52573716454208, 164.44293897226453, 163.8963320311159, 163.07644741795957, 164.02781942300498, 167.29812576808035, 168.1309013403952, 170.6224116757512, 165.1812095735222, 167.94549560919404, 170.12116731517017, 162.585540805012, 6746.00385319069, 168.26415722072124, 171.265559701249, 163.4559217710048, 165.18614381365478, 161.7787336371839, 167.39829918183386, 165.84663397818804, 164.47624992206693, 162.52188171632588, 166.11411710828543, 164.84536495618522, 170.26593275368214, 165.8262094873935, 163.0888283699751, 169.11881699226797, 165.64343099296093, 162.0382502861321, 164.46950450725853, 166.11568205803633, 10059.495551260188, 162.06153068877757, 166.59620459750295, 162.3673142157495, 161.44946718029678, 164.0147901084274, 161.27051737345755, 163.72376735694706, 167.01991734839976, 163.9641347154975, 161.99239347688854, 165.4301473814994, 163.92372235283256, 160.41908348537982, 165.0616763178259, 166.95871696062386, 160.4848364442587, 163.60328138805926, 165.80846613273025, 159.85529860667884, 13230.235969930887, 161.56670250371099, 164.4967384636402, 166.65514314360917, 161.22167256847024, 162.21864265203476, 160.36288635618985, 166.64137182198465, 161.38718071579933, 165.25476020388305, 165.0564980059862, 161.05474921129644, 161.46819550730288, 163.221810920164, 165.23174823634326, 162.41062199696898, 165.84877839125693, 165.08687826618552, 161.8134726602584, 168.89148983359337, 16615.520070390776, 161.6922258809209, 177.4836180061102, 177.9070397913456, 164.30083699151874, 164.84282916784286, 169.2550659403205, 169.02375840581954, 165.6491653136909, 168.95994322746992, 165.25512224808335, 162.37317305244505, 169.62002782337368, 170.57067707926035, 158.22383907064795, 162.49433881044388, 166.4505004659295, 163.8562679104507, 164.85988720320165, 163.5179301109165]], "objmaxvalue": [[-0.2703874409198761, -0.21476800739765167, -0.21476800739765167, -0.21476800739765167, -0.21476800739765167, -0.21476800739765167, -0.21476800739765167, -0.21476800739765167, -0.21476800739765167, -0.21476800739765167, -0.21476800739765167, -0.21476800739765167, -0.21476800739765167, -0.21476800739765167, -0.21476800739765167, -0.21476800739765167, -0.21476800739765167, -0.21476800739765167, -0.21476800739765167, -0.21476800739765167, -0.169837087392807, -0.16631796956062317, -0.16631796956062317, -0.16631796956062317, -0.16631796956062317, -0.16631796956062317, -0.1653284728527069, -0.1653284728527069, -0.1653284728527069, -0.1653284728527069, -0.1653284728527069, -0.1653284728527069, -0.1653284728527069, -0.1653284728527069, -0.1653284728527069, -0.1653284728527069, -0.1653284728527069, -0.1622258573770523, -0.16133128106594086, -0.16133128106594086, -0.16133128106594086, -0.16133128106594086, -0.16133128106594086, -0.16133128106594086, -0.16083627939224243, -0.16083627939224243, -0.16083627939224243, -0.16083627939224243, -0.16083627939224243, -0.15157175064086914, -0.15157175064086914, -0.15157175064086914, -0.15157175064086914, -0.15157175064086914, -0.15157175064086914, -0.15157175064086914, -0.15157175064086914, -0.15157175064086914, -0.15157175064086914, -0.15157175064086914, -0.15135978162288666, -0.15135978162288666, -0.15135978162288666, -0.15135978162288666, -0.15135978162288666, -0.15135978162288666, -0.15135978162288666, -0.15135978162288666, -0.15135978162288666, -0.15135978162288666, -0.15135978162288666, -0.15135978162288666, -0.15135978162288666, -0.15135978162288666, -0.15135978162288666, -0.15135978162288666, -0.15135978162288666, -0.15135978162288666, -0.15135978162288666, -0.15135978162288666, -0.15135978162288666, -0.15135978162288666, -0.15135978162288666, -0.15135978162288666, -0.15135978162288666, -0.15135978162288666, -0.15135978162288666, -0.15135978162288666, -0.15135978162288666, -0.15135978162288666, -0.15135978162288666, -0.15135978162288666, -0.15135978162288666, -0.15135978162288666, -0.15135978162288666, -0.15135978162288666, -0.15135978162288666, -0.15135978162288666, -0.15135978162288666, -0.15135978162288666, -0.15135978162288666, -0.15135978162288666, -0.15135978162288666, -0.15135978162288666, -0.15135978162288666, -0.15135978162288666, -0.15135978162288666, -0.15135978162288666, -0.15135978162288666, -0.15135978162288666, -0.15135978162288666, -0.15135978162288666, -0.15135978162288666, -0.15135978162288666, -0.15135978162288666, -0.15135978162288666, -0.15135978162288666, -0.15135978162288666, -0.15135978162288666, -0.15135978162288666]]}